origin,dest,num_of_flights
LAX,BLI,10
SAV,LCK,9
JAX,ORF,9
FWA,PIE,9
LAS,GRR,18
FAT,LAS,52
LEX,PIE,9
IND,LAS,136
MDT,BNA,9
LAS,FCA,9
MRY,LAS,9
FAR,AZA,9
LEX,PGD,9
OAK,LAS,405
PIE,IAG,9
LAS,MFE,37
VPS,SDF,11
BNA,RIC,9
CVG,FLL,46
SBN,SFB,9
PIT,PGD,9
FLL,AVL,91
LAS,SMX,18
SDF,FLL,9
BLI,LAS,62
FLL,MEM,9
EWR,CVG,127
PIE,LEX,9
LAS,ABQ,125
PIE,DAY,1
ABE,SFB,23
LAS,FAT,52
PIT,MYR,25
LAS,PSC,9
DSM,SFB,9
PIE,AVL,42
SFB,IND,9
LAS,EUG,9
FLL,USA,27
SAV,BWI,9
MFE,LAS,37
LAS,AUS,184
PIT,CHS,9
BNA,SYR,9
BIL,LAS,9
LCK,PGD,9
TRI,SFB,9
VPS,OKC,9
PGD,IND,9
MSO,LAS,9
USA,VPS,9
RNO,LAS,306
IND,FLL,39
TYS,FLL,18
FLL,LEX,9
LAS,BOI,68
SFB,LCK,9
SFB,MDT,13
AZA,BIL,9
BIL,AZA,9
CVG,SFB,23
HTS,SFB,9
GRR,SRQ,9
SBN,PGD,9
MDT,SFB,13
GRR,PIE,15
BNA,SFB,9
PGD,RFD,9
GRR,LAS,18
PGD,PIA,9
SFB,BNA,9
PIT,JAX,9
PIE,IND,23
ROA,PIE,9
CVG,JAX,17
ALB,MYR,9
PGD,FWA,9
AZA,IDA,13
PIE,GSP,9
LAS,FAR,9
SRQ,BNA,9
AUS,LAS,160
SYR,SFB,5
CID,LAS,9
SFB,ROA,9
PVU,AZA,49
AZA,CID,9
AVL,PIE,42
CVG,VPS,28
PGD,BLV,9
IDA,LAS,9
BMI,SFB,9
SHV,LAS,9
LAX,PVU,9
AZA,RAP,9
DEN,AVL,8
PIE,USA,24
SFB,TUL,9
SCK,LAS,52
SAV,ABE,8
SFB,ALB,9
PIE,CID,9
PSM,SFB,9
VPS,CVG,28
RFD,AZA,9
PIE,ROA,9
ELM,PIE,4
SDF,PGD,9
FLL,GSP,9
SFB,USA,23
BWI,AVL,9
SFB,MEM,9
RIC,BNA,9
ABE,PIE,9
LAS,DSM,39
LAX,MEM,33
PSC,LAS,9
SFB,TRI,9
SWF,PIE,9
ICT,LAS,39
ATW,LAS,9
SFB,TYS,40
CVG,LAX,74
PIE,MEM,2
AZA,PVU,49
PGD,SWF,1
SAV,PVD,9
USA,FLL,27
BLI,AZA,9
SRQ,CVG,10
PGD,USA,9
LAS,SCK,52
GRR,SAV,9
LAS,OAK,405
IND,SFB,9
SMX,LAS,18
SAV,CLE,9
VPS,BLV,28
CLE,SAV,9
PIA,PIE,9
SFB,GSO,9
RIC,PIE,9
SFB,CVG,23
PVD,SAV,9
SFB,PIT,9
ALB,PGD,9
SFB,FNT,9
AVL,FLL,91
SFB,HGR,9
SFB,SBN,9
FNT,SFB,9
PIA,PGD,9
SRQ,AVL,9
LCK,VPS,9
SFB,GRR,22
BLI,OAK,10
ELM,SFB,10
OGD,AZA,9
EWR,TYS,47
CVG,SRQ,10
LAS,MLI,9
MYR,ABE,9
LAS,BIS,9
PGD,CVG,22
HTS,PIE,10
PIE,PIT,9
BNA,PGD,9
SAV,PIT,9
LAS,RNO,301
BNA,CID,9
SDF,SFB,10
SCK,AZA,9
LAS,BZN,9
FCA,AZA,8
LAX,CVG,74
AZA,MSO,9
OKC,LAS,69
RFD,SFB,9
LAS,ICT,39
SGF,PIE,9
AVL,SFB,25
LAS,XNA,9
TYS,PIE,23
GRR,SFB,22
GSO,PIE,9
ALB,PIE,9
TOL,PIE,9
LAS,MSO,9
LAS,IND,116
LAS,GTF,9
FLL,IND,39
CVG,LAS,71
MYR,ALB,9
CVG,MSY,9
LAS,TYS,9
MLI,LAS,9
LEX,SFB,14
TYS,SFB,40
USA,PIE,24
ROA,SFB,9
SFB,ABE,23
DSM,LAS,39
CLE,SRQ,18
PIE,GRR,15
CVG,PIE,23
PIE,LCK,9
PGD,FNT,9
SGF,SFB,9
ALB,SFB,9
SFB,ELM,10
CHA,SFB,9
VPS,SGF,9
USA,PGD,9
AZA,PIA,10
PIE,ABE,9
LAX,EUG,124
JAX,IND,1
LAS,BIL,9
AZA,GRR,10
AZA,DSM,9
PGD,SBN,9
ALB,SAV,9
PIT,PIE,9
CID,BNA,9
MEM,FLL,9
BNA,SRQ,9
OKC,VPS,9
TYS,EWR,47
MEM,LAS,10
MOT,AZA,9
SFB,LEX,14
LAS,GJT,9
PGD,SDF,9
PBG,SFB,9
PIE,FNT,9
SFB,RFD,9
SYR,BNA,9
PIE,BNA,9
TYS,VPS,9
PIE,ALB,9
FLL,ORF,1
ATW,SFB,9
LAS,ELP,77
PGD,ALB,9
GSP,FLL,9
TYS,PGD,9
PIE,CVG,23
EWR,VPS,9
SFB,CHA,9
PSC,AZA,9
BNA,MDT,9
PIE,TYS,23
PIE,SGF,9
PIE,SDF,9
PIT,SAV,9
BNA,GRR,9
IAG,PGD,5
LRD,LAS,9
AZA,MOT,9
AZA,LAS,14
SFB,HTS,9
RFD,LAS,9
SFB,SDF,10
MFR,LAX,98
PIE,BLV,9
AVL,SRQ,9
SFB,CID,9
VPS,MEM,1
GJT,LAS,9
LAS,BLI,62
LAS,GFK,9
BOI,LAS,68
SFB,BGR,9
BLI,LAX,10
FNT,PGD,9
BLV,PGD,9
TYS,LAS,9
AZA,PSC,9
SFB,AVL,25
EWR,AVL,17
AVL,DEN,8
GRR,AZA,10
SAV,ALB,9
GRI,LAS,9
GSP,SFB,9
BNA,ABE,9
AZA,BLI,9
BLI,PSP,9
PGD,BNA,9
PIE,SWF,9
CHS,CVG,9
LAS,MOT,9
SFB,SJU,9
PIE,RIC,9
FCA,LAS,9
PIE,FWA,9
SRQ,PIT,9
LAS,CVG,71
SAV,GRR,9
AVL,PGD,10
IND,PGD,9
HGR,SFB,9
LAS,IDA,9
TUS,PVU,9
OAK,BLI,10
FSD,LAS,9
RIC,SFB,9
CVG,PGD,22
PIE,RFD,9
BWI,SAV,9
SRQ,BWI,9
FLL,TYS,18
ABE,MYR,9
EVV,SFB,9
TUL,SFB,9
PGD,PIT,9
PGD,IAG,5
SFB,EVV,9
PIE,BGR,8
OAK,EUG,9
SDF,VPS,11
PIE,TOL,9
CID,PIE,9
SBN,LAS,9
GRR,BNA,9
AZA,FAR,9
LAX,BOI,98
EUG,AZA,9
PIE,SBN,8
PIT,SRQ,9
BIS,AZA,9
BWI,SRQ,9
FLL,CVG,46
OAK,MSO,1
SGF,LAS,9
SFB,FWA,9
AZA,BZN,9
PGD,MDT,1
BLV,VPS,28
CVG,CHS,9
FWA,SFB,9
PIE,PIA,9
XNA,SFB,10
OAK,AZA,10
SRQ,LCK,9
SFB,XNA,10
CHS,PIT,9
PVU,TUS,9
AZA,GJT,9
XNA,VPS,9
PGD,TYS,9
SRQ,GRR,9
AZA,FCA,8
SRQ,CLE,18
GTF,LAS,9
MOT,LAS,9
EUG,OAK,9
LAS,GRI,9
PIE,ELM,4
RFD,PIE,9
AVL,BWI,9
VPS,LCK,9
FAR,LAS,9
SFB,PSM,9
PVU,LAX,9
SWF,PGD,1
PGD,ABE,9
MEM,SFB,9
SFB,RIC,9
SFB,ATW,9
LAS,SGF,9
LAS,AZA,14
PGD,LCK,9
PGD,GRR,8
ABE,BNA,9
IND,PIE,23
DSM,AZA,9
PIA,AZA,10
SFB,BLV,9
ANC,BLI,1
MSY,CVG,9
JAX,PIT,9
SAV,CVG,9
BIS,LAS,9
IAG,PIE,9
ABQ,LAS,124
LAS,LRD,9
PIE,CHA,9
AZA,GRI,9
LAS,ATW,9
AZA,BIS,9
SFB,BMI,9
EUG,LAX,124
PIE,DSM,9
LAS,MEM,10
SFB,SGF,9
GSP,PIE,9
SYR,PIE,9
RFD,PGD,9
PIE,BMI,9
PIE,GSO,9
TUL,LAX,9
BNA,PIE,9
LAS,FSD,9
SDF,PIE,9
CVG,AZA,9
FWA,PGD,9
SYR,SRQ,8
XNA,LAS,9
VPS,XNA,9
FLL,SYR,1
GSO,SFB,9
AVL,EWR,18
VPS,USA,9
PIT,SFB,9
LCK,SAV,9
LAX,TUL,9
ELP,LAS,77
GRI,AZA,9
LAS,SBN,9
LAS,SHV,9
FSD,AZA,9
SGF,VPS,9
GFK,LAS,9
AZA,CVG,9
EUG,LAS,9
PIE,SYR,9
SFB,DSM,9
JAX,CVG,17
LEX,FLL,9
GRR,PGD,8
VPS,EWR,9
MDT,SRQ,8
CID,AZA,9
SGF,AZA,9
LCK,SRQ,9
RAP,LAS,9
AZA,RFD,9
PIA,LAS,9
VPS,TYS,9
CVG,SAV,9
ABE,PGD,9
USA,SFB,23
BLV,SFB,9
AZA,SCK,9
LAX,SGF,4
DSM,PIE,9
LAS,PIA,9
PIE,ATW,4
IND,JAX,1
SGF,LAX,4
PIE,ORF,1
MEM,LAX,32
PGD,LEX,9
PIE,MDT,9
MSO,AZA,9
MDT,PIE,9
LAS,RFD,9
PSP,BLI,9
RAP,AZA,9
IDA,AZA,13
ATW,PIE,4
AZA,EUG,9
BMI,PIE,9
BZN,AZA,9
SBN,AZA,9
IDA,OAK,1
SFB,ORF,1
PGD,AVL,10
AZA,OGD,9
LAS,MRY,9
AZA,SGF,9
AZA,SBN,9
SBN,PIE,8
LCK,PIE,9
SRQ,SYR,8
FLL,SDF,9
BGR,PIE,8
SFB,GSP,9
ORF,SFB,1
LAS,CID,9
LAS,MFR,9
PIE,HTS,10
CHA,PIE,9
MEM,PIE,2
MYR,SWF,1
SFB,SYR,5
LAX,MFR,98
LCK,SFB,9
AZA,FSD,9
LAS,OKC,69
MYR,LCK,1
ORF,JAX,9
FNT,PIE,9
ABE,SAV,8
BZN,LAS,9
AZA,OAK,10
BGR,SFB,9
SRQ,RIC,1
LAS,RAP,9
GJT,AZA,9
BOI,LAX,98
SJU,SFB,9
SFB,PBG,9
CID,SFB,9
CVG,DEN,149
PGD,PVD,1
CVG,EWR,126
EWR,SAV,91
ORF,FLL,1
MFR,LAS,9
PGD,PSM,1
SHV,VPS,1
BLV,PIE,9
SRQ,MDT,8
SYR,MYR,1
SAV,EWR,91
TUL,LAS,35
LIT,VPS,1
DEN,CVG,149
SAN,BLI,1
MDT,PGD,1
SWF,MYR,1
SYR,FLL,1
SCK,SAN,1
LAS,TUL,35
VPS,SHV,1
CVG,PVD,1
SAN,SCK,1
OAK,FCA,1
MYR,SYR,1
PSM,MYR,1
SAV,BNA,1
PVD,PGD,1
BLI,ANC,1
LAS,SAT,150
MYR,PSM,1
VPS,LIT,1
LCK,MYR,1
PVD,CVG,1
SFB,ROC,1
OAK,IDA,1
MYR,PIT,25
FCA,OAK,1
SFB,TOL,1
SFB,SWF,1
RIC,SRQ,1
CLE,PIE,1
MSO,OAK,1
ORF,PIE,1
BLI,SAN,1
DAY,PIE,1
MEM,VPS,1
FLL,PBG,10
PIE,CLE,1
BNA,SAV,1
PSM,PGD,1
ROC,SFB,1
SAT,LAS,151
SFB,IAG,1
SWF,SFB,1
TOL,SFB,1
PBG,FLL,9
IAG,SFB,1
ABQ,AUS,38
ABQ,BWI,59
ABQ,DAL,141
ABQ,DEN,234
ABQ,HOU,89
ABQ,LAX,61
ABQ,MCI,26
ABQ,MDW,40
ABQ,OAK,76
ABQ,PHX,287
ABQ,SAN,85
ABQ,SJC,30
ALB,BWI,146
ALB,DEN,15
ALB,MCO,79
ALB,MDW,60
ALB,TPA,10
AMA,DAL,110
AMA,LAS,30
ATL,AUS,348
ATL,BNA,415
ATL,BOS,482
ATL,BWI,571
ATL,CLE,297
ATL,CMH,309
ATL,DAL,281
ATL,DCA,582
ATL,DEN,516
ATL,FLL,647
ATL,GSP,305
ATL,HOU,330
ATL,IAD,359
ATL,IND,342
ATL,JAX,402
ATL,LAS,403
ATL,LAX,498
ATL,LGA,765
ATL,MCI,301
ATL,MCO,729
ATL,MDW,372
ATL,MKE,265
ATL,MSY,431
ATL,OAK,47
ATL,PBI,286
ATL,PHL,533
ATL,PHX,265
ATL,PIT,288
ATL,RDU,428
ATL,RIC,331
ATL,RSW,255
ATL,SAN,205
ATL,SAT,288
ATL,STL,335
ATL,TPA,571
AUS,ABQ,38
AUS,ATL,330
AUS,BNA,91
AUS,BOS,105
AUS,BWI,109
AUS,DAL,279
AUS,DCA,30
AUS,DEN,308
AUS,ELP,76
AUS,EWR,147
AUS,FLL,90
AUS,HOU,156
AUS,HRL,26
AUS,IND,5
AUS,LAX,347
AUS,LBB,26
AUS,MCI,27
AUS,MCO,106
AUS,MDW,106
AUS,MSY,124
AUS,OAK,26
AUS,PHX,222
AUS,RDU,21
AUS,SAN,128
AUS,SFO,189
AUS,SJC,131
AUS,SMF,30
AUS,STL,56
AUS,TPA,34
BDL,BWI,144
BDL,DEN,77
BDL,MCO,202
BDL,MDW,85
BDL,STL,30
BDL,TPA,80
BHM,BWI,33
BHM,DAL,60
BHM,HOU,64
BHM,LAS,2
BHM,MCO,62
BHM,MDW,53
BHM,TPA,34
BNA,ATL,436
BNA,AUS,91
BNA,BOS,263
BNA,BUR,2
BNA,BWI,179
BNA,CHS,30
BNA,CLE,85
BNA,CLT,273
BNA,CMH,60
BNA,DAL,150
BNA,DCA,285
BNA,DEN,307
BNA,DTW,219
BNA,ECP,89
BNA,EWR,234
BNA,FLL,136
BNA,HOU,120
BNA,JAX,85
BNA,LAS,97
BNA,LAX,181
BNA,LGA,414
BNA,MCI,111
BNA,MCO,121
BNA,MDW,205
BNA,MKE,59
BNA,MSP,170
BNA,MSY,110
BNA,OAK,30
BNA,OKC,5
BNA,OMA,5
BNA,ORF,9
BNA,PHL,249
BNA,PHX,93
BNA,PIT,63
BNA,PNS,59
BNA,RDU,89
BNA,SAN,56
BNA,SAT,59
BNA,SJC,30
BNA,STL,98
BNA,TPA,101
BOI,DEN,186
BOI,GEG,30
BOI,OAK,59
BOI,PHX,82
BOI,SAN,60
BOI,SJC,81
BOI,SMF,30
BOS,ATL,481
BOS,AUS,106
BOS,BNA,263
BOS,BWI,461
BOS,CMH,102
BOS,DAL,34
BOS,DEN,288
BOS,HOU,64
BOS,MCI,72
BOS,MDW,149
BOS,MKE,84
BOS,STL,115
BUF,BWI,142
BUF,DEN,23
BUF,LAS,33
BUF,MCO,124
BUF,MDW,89
BUF,PHX,29
BUF,TPA,35
BUR,BNA,2
BUR,DAL,30
BUR,DEN,165
BUR,HOU,30
BUR,LAS,393
BUR,MDW,23
BUR,OAK,379
BUR,PDX,90
BUR,PHX,285
BUR,SFO,297
BUR,SJC,405
BUR,SLC,135
BUR,SMF,292
BWI,ABQ,59
BWI,ALB,165
BWI,ATL,566
BWI,AUS,106
BWI,BDL,144
BWI,BHM,38
BWI,BNA,176
BWI,BOS,449
BWI,BUF,163
BWI,CHS,94
BWI,CLE,90
BWI,CLT,372
BWI,CMH,111
BWI,CVG,151
BWI,DAL,123
BWI,DEN,271
BWI,DTW,248
BWI,FLL,298
BWI,GRR,30
BWI,HOU,121
BWI,IND,86
BWI,ISP,116
BWI,JAX,119
BWI,LAS,172
BWI,LAX,200
BWI,MCI,85
BWI,MCO,302
BWI,MDW,210
BWI,MEM,34
BWI,MHT,161
BWI,MKE,89
BWI,MSP,174
BWI,MSY,121
BWI,OAK,10
BWI,OKC,30
BWI,ORF,136
BWI,PBI,59
BWI,PHX,91
BWI,PIT,81
BWI,PVD,185
BWI,PWM,120
BWI,RDU,253
BWI,ROC,89
BWI,RSW,69
BWI,SAN,114
BWI,SAT,42
BWI,SDF,88
BWI,SEA,94
BWI,SJC,30
BWI,SJU,20
BWI,SLC,74
BWI,SMF,30
BWI,STL,123
BWI,TPA,218
CHS,BNA,30
CHS,BWI,94
CHS,DAL,30
CHS,DEN,56
CHS,HOU,30
CHS,MDW,39
CLE,ATL,297
CLE,BNA,84
CLE,BWI,90
CLE,DEN,175
CLE,LAS,69
CLE,MDW,140
CLE,MKE,47
CLE,PHX,47
CLE,STL,80
CLT,BNA,273
CLT,BWI,372
CLT,DAL,30
CLT,HOU,29
CLT,MDW,80
CMH,ATL,308
CMH,BNA,60
CMH,BOS,102
CMH,BWI,111
CMH,DAL,35
CMH,DCA,196
CMH,DEN,107
CMH,FLL,60
CMH,HOU,30
CMH,LAS,89
CMH,MCO,103
CMH,MDW,191
CMH,OAK,26
CMH,PHX,81
CMH,RSW,30
CMH,STL,55
CMH,TPA,67
CRP,HOU,109
CVG,BWI,151
CVG,MCO,85
CVG,MDW,115
DAL,ABQ,140
DAL,AMA,110
DAL,ATL,285
DAL,AUS,279
DAL,BHM,60
DAL,BNA,150
DAL,BOS,34
DAL,BUR,30
DAL,BWI,123
DAL,CHS,30
DAL,CLT,30
DAL,CMH,35
DAL,DCA,146
DAL,DEN,218
DAL,DTW,30
DAL,ECP,63
DAL,ELP,118
DAL,FLL,90
DAL,HOU,538
DAL,IND,30
DAL,JAX,30
DAL,LAS,154
DAL,LAX,228
DAL,LBB,139
DAL,LGA,137
DAL,LIT,85
DAL,MAF,135
DAL,MCI,172
DAL,MCO,120
DAL,MDW,209
DAL,MEM,76
DAL,MKE,30
DAL,MSP,30
DAL,MSY,201
DAL,OAK,51
DAL,OKC,86
DAL,OMA,34
DAL,ONT,30
DAL,PDX,60
DAL,PHL,30
DAL,PHX,173
DAL,PIT,30
DAL,PNS,30
DAL,RDU,30
DAL,SAN,145
DAL,SAT,276
DAL,SDF,30
DAL,SEA,120
DAL,SFO,90
DAL,SJC,131
DAL,SLC,30
DAL,SMF,30
DAL,SNA,26
DAL,STL,174
DAL,TPA,87
DAL,TUL,105
DCA,ATL,582
DCA,AUS,30
DCA,BNA,285
DCA,CMH,196
DCA,DAL,146
DCA,FLL,191
DCA,HOU,110
DCA,MCI,133
DCA,MCO,287
DCA,MDW,200
DCA,MKE,56
DCA,MSY,179
DCA,OKC,60
DCA,OMA,55
DCA,PVD,258
DCA,STL,256
DCA,TPA,154
DEN,ABQ,236
DEN,ALB,15
DEN,ATL,466
DEN,AUS,336
DEN,BDL,77
DEN,BNA,283
DEN,BOI,186
DEN,BOS,308
DEN,BUF,23
DEN,BUR,165
DEN,BWI,274
DEN,CHS,56
DEN,CLE,175
DEN,CMH,107
DEN,DAL,221
DEN,DTW,288
DEN,ELP,138
DEN,EWR,303
DEN,FLL,124
DEN,GEG,136
DEN,GRR,107
DEN,HOU,191
DEN,IAD,325
DEN,IND,205
DEN,JAX,77
DEN,LAS,605
DEN,LAX,619
DEN,LBB,85
DEN,LGA,371
DEN,LGB,30
DEN,MCI,316
DEN,MCO,239
DEN,MDW,265
DEN,MEM,76
DEN,MKE,238
DEN,MSP,510
DEN,MSY,176
DEN,OAK,144
DEN,OKC,256
DEN,OMA,167
DEN,ONT,168
DEN,PDX,345
DEN,PHL,272
DEN,PHX,635
DEN,PIT,144
DEN,RDU,144
DEN,RNO,166
DEN,SAN,386
DEN,SAT,205
DEN,SDF,47
DEN,SEA,639
DEN,SFO,464
DEN,SJC,245
DEN,SLC,618
DEN,SMF,307
DEN,SNA,262
DEN,STL,260
DEN,TPA,152
DEN,TUL,156
DEN,TUS,150
DSM,PHX,64
DSM,STL,55
DTW,BNA,239
DTW,BWI,249
DTW,DAL,30
DTW,DEN,288
DTW,LAS,274
DTW,MDW,142
DTW,PHX,182
DTW,STL,77
ECP,BNA,89
ECP,DAL,63
ECP,HOU,34
ECP,STL,9
ELP,AUS,76
ELP,DAL,118
ELP,DEN,138
ELP,HOU,85
ELP,LAX,50
ELP,PHX,253
ELP,SAN,30
ELP,SAT,60
ELP,SJC,5
EWR,AUS,147
EWR,BNA,235
EWR,DEN,304
EWR,MDW,159
EWR,OAK,2
EWR,PHX,191
EWR,SAN,118
EWR,STL,167
FLL,ATL,646
FLL,AUS,89
FLL,BNA,140
FLL,BWI,302
FLL,CMH,60
FLL,DAL,89
FLL,DCA,191
FLL,DEN,144
FLL,HOU,81
FLL,JAX,172
FLL,MCI,30
FLL,MCO,148
FLL,MDW,94
FLL,MSY,114
FLL,PHX,64
FLL,PIT,68
FLL,PVD,39
FLL,RDU,137
FLL,SAT,30
FLL,SJU,221
FLL,STL,56
FLL,TPA,147
GEG,BOI,30
GEG,DEN,136
GEG,LAS,54
GEG,OAK,58
GEG,PHX,83
GEG,SAN,10
GEG,SJC,30
GEG,SMF,30
GRR,BWI,30
GRR,DEN,107
GRR,MDW,84
GSP,ATL,305
HNL,KOA,680
HNL,OAK,101
HNL,OGG,932
HNL,SJC,77
HOU,ABQ,89
HOU,ATL,330
HOU,AUS,131
HOU,BHM,60
HOU,BNA,120
HOU,BOS,64
HOU,BUR,30
HOU,BWI,119
HOU,CHS,30
HOU,CLT,29
HOU,CMH,30
HOU,CRP,109
HOU,DAL,540
HOU,DCA,110
HOU,DEN,198
HOU,ECP,34
HOU,ELP,85
HOU,FLL,85
HOU,HRL,114
HOU,IND,55
HOU,JAX,30
HOU,LAS,149
HOU,LAX,143
HOU,LBB,5
HOU,LGA,86
HOU,MAF,106
HOU,MCI,80
HOU,MCO,111
HOU,MDW,178
HOU,MEM,56
HOU,MKE,30
HOU,MSY,271
HOU,OAK,65
HOU,OKC,105
HOU,OMA,29
HOU,PHL,1
HOU,PHX,139
HOU,PIT,30
HOU,PNS,30
HOU,RDU,30
HOU,SAN,80
HOU,SAT,171
HOU,SDF,30
HOU,SJC,29
HOU,SLC,1
HOU,SMF,2
HOU,SNA,30
HOU,STL,115
HOU,TPA,81
HOU,TUL,85
HRL,AUS,26
HRL,HOU,114
IAD,ATL,359
IAD,DEN,319
ICT,PHX,30
ICT,STL,55
IND,ATL,342
IND,AUS,5
IND,BWI,90
IND,DAL,30
IND,DEN,203
IND,HOU,55
IND,LAX,80
IND,MCI,55
IND,MCO,141
IND,MDW,42
IND,MSY,5
IND,PHX,80
IND,RSW,10
IND,TPA,30
ISP,BWI,116
ISP,MCO,93
ISP,PBI,73
ISP,TPA,47
JAX,ATL,406
JAX,BNA,85
JAX,BWI,114
JAX,DAL,30
JAX,DEN,78
JAX,FLL,171
JAX,HOU,30
JAX,MDW,30
KOA,HNL,680
LAS,AMA,30
LAS,ATL,407
LAS,BHM,2
LAS,BNA,117
LAS,BUF,34
LAS,BUR,395
LAS,BWI,171
LAS,CLE,69
LAS,CMH,89
LAS,DAL,154
LAS,DEN,601
LAS,DTW,274
LAS,GEG,73
LAS,HOU,147
LAS,LAX,1022
LAS,LBB,30
LAS,LGB,168
LAS,LIT,30
LAS,MAF,34
LAS,MCI,145
LAS,MCO,101
LAS,MDW,254
LAS,MKE,76
LAS,MSY,79
LAS,OMA,78
LAS,ONT,114
LAS,PDX,287
LAS,PHX,475
LAS,PIT,89
LAS,RDU,59
LAS,SAN,442
LAS,SDF,30
LAS,SEA,590
LAS,SFO,565
LAS,SJC,342
LAS,SLC,311
LAS,SMF,363
LAS,SNA,257
LAS,STL,144
LAS,TPA,89
LAS,TUS,111
LAX,ABQ,63
LAX,ATL,496
LAX,AUS,347
LAX,BNA,188
LAX,BWI,179
LAX,DAL,227
LAX,DEN,621
LAX,ELP,51
LAX,HOU,142
LAX,IND,82
LAX,LAS,1022
LAX,MCI,161
LAX,MDW,169
LAX,MKE,30
LAX,MSY,192
LAX,OAK,437
LAX,OMA,25
LAX,PDX,427
LAX,PHX,554
LAX,RNO,233
LAX,SAT,139
LAX,SFO,1147
LAX,SJC,436
LAX,SLC,440
LAX,SMF,411
LAX,STL,133
LAX,TUS,196
LBB,AUS,26
LBB,DAL,139
LBB,DEN,85
LBB,HOU,5
LBB,LAS,30
LGA,ATL,765
LGA,BNA,413
LGA,DAL,137
LGA,DEN,371
LGA,HOU,86
LGA,MCI,177
LGA,MDW,180
LGA,MKE,181
LGA,MSY,111
LGA,STL,348
LGA,TPA,141
LGB,DEN,30
LGB,LAS,168
LGB,OAK,201
LGB,SJC,174
LGB,SMF,178
LIT,DAL,85
LIT,LAS,30
LIT,PHX,30
LIT,STL,56
MAF,DAL,135
MAF,HOU,106
MAF,LAS,34
MCI,ABQ,26
MCI,ATL,298
MCI,AUS,25
MCI,BNA,110
MCI,BOS,72
MCI,BWI,86
MCI,DAL,174
MCI,DCA,133
MCI,DEN,349
MCI,FLL,30
MCI,HOU,82
MCI,IND,55
MCI,LAS,142
MCI,LAX,160
MCI,LGA,176
MCI,MCO,70
MCI,MDW,228
MCI,MKE,55
MCI,MSP,183
MCI,MSY,34
MCI,PDX,60
MCI,PHX,144
MCI,RDU,26
MCI,SAN,81
MCI,SAT,30
MCI,SEA,90
MCI,STL,106
MCI,TPA,26
MCO,ALB,79
MCO,ATL,727
MCO,AUS,108
MCO,BDL,202
MCO,BHM,61
MCO,BNA,125
MCO,BUF,124
MCO,BWI,304
MCO,CMH,103
MCO,CVG,86
MCO,DAL,119
MCO,DCA,287
MCO,DEN,218
MCO,FLL,151
MCO,HOU,116
MCO,IND,141
MCO,ISP,93
MCO,LAS,123
MCO,MCI,71
MCO,MDW,177
MCO,MEM,39
MCO,MHT,13
MCO,MKE,89
MCO,MSY,130
MCO,ORF,41
MCO,PHL,441
MCO,PHX,79
MCO,PIT,112
MCO,PVD,134
MCO,RDU,193
MCO,RIC,69
MCO,ROC,30
MCO,SAT,51
MCO,SDF,35
MCO,SJU,391
MCO,STL,140
MDW,ABQ,39
MDW,ALB,40
MDW,ATL,373
MDW,AUS,106
MDW,BDL,84
MDW,BHM,53
MDW,BNA,205
MDW,BOS,150
MDW,BUF,89
MDW,BUR,23
MDW,BWI,206
MDW,CHS,39
MDW,CLE,139
MDW,CLT,79
MDW,CMH,191
MDW,CVG,115
MDW,DAL,209
MDW,DCA,200
MDW,DEN,267
MDW,DTW,163
MDW,EWR,158
MDW,FLL,98
MDW,GRR,84
MDW,HOU,174
MDW,IND,42
MDW,JAX,30
MDW,LAS,252
MDW,LAX,170
MDW,LGA,180
MDW,MCI,232
MDW,MCO,175
MDW,MEM,37
MDW,MHT,80
MDW,MSP,373
MDW,MSY,110
MDW,OAK,105
MDW,OKC,30
MDW,OMA,128
MDW,ONT,30
MDW,ORF,39
MDW,PDX,43
MDW,PHL,150
MDW,PHX,191
MDW,PIT,143
MDW,PVD,80
MDW,RDU,89
MDW,RNO,30
MDW,RSW,63
MDW,SAN,113
MDW,SAT,64
MDW,SDF,106
MDW,SEA,80
MDW,SFO,54
MDW,SJC,50
MDW,SJU,9
MDW,SLC,60
MDW,SMF,30
MDW,STL,199
MDW,TPA,106
MDW,TUS,30
MEM,BWI,34
MEM,DAL,76
MEM,DEN,95
MEM,HOU,36
MEM,MCO,39
MEM,MDW,57
MEM,TPA,6
MHT,BWI,161
MHT,MCO,14
MHT,MDW,80
MHT,TPA,10
MKE,ATL,265
MKE,BNA,55
MKE,BOS,80
MKE,BWI,88
MKE,CLE,47
MKE,DAL,30
MKE,DCA,56
MKE,DEN,242
MKE,HOU,30
MKE,LAS,80
MKE,LAX,30
MKE,LGA,181
MKE,MCI,55
MKE,MCO,89
MKE,PHX,108
MKE,STL,57
MKE,TPA,26
MSP,BNA,190
MSP,BWI,175
MSP,DAL,30
MSP,DEN,485
MSP,MCI,203
MSP,MDW,351
MSP,PHX,270
MSP,STL,227
MSY,ATL,427
MSY,AUS,124
MSY,BNA,111
MSY,BWI,99
MSY,DAL,200
MSY,DCA,180
MSY,DEN,206
MSY,FLL,130
MSY,HOU,274
MSY,IND,5
MSY,LAS,79
MSY,LAX,191
MSY,LGA,111
MSY,MCI,34
MSY,MCO,134
MSY,MDW,114
MSY,OAK,26
MSY,PHX,30
MSY,RDU,38
MSY,SAN,26
MSY,SAT,60
MSY,STL,65
MSY,TPA,111
OAK,ABQ,79
OAK,ATL,47
OAK,AUS,15
OAK,BNA,30
OAK,BOI,59
OAK,BUR,380
OAK,BWI,30
OAK,CMH,26
OAK,DAL,53
OAK,DEN,140
OAK,EWR,2
OAK,GEG,59
OAK,HNL,101
OAK,HOU,80
OAK,LAX,422
OAK,LGB,202
OAK,MDW,106
OAK,MSY,26
OAK,OGG,120
OAK,ONT,186
OAK,PDX,275
OAK,PHX,239
OAK,RNO,52
OAK,SAN,347
OAK,SAT,2
OAK,SEA,286
OAK,SLC,230
OAK,SNA,195
OAK,STL,30
OGG,HNL,931
OGG,OAK,120
OGG,SJC,78
OKC,BNA,5
OKC,BWI,30
OKC,DAL,84
OKC,DCA,59
OKC,DEN,256
OKC,HOU,105
OKC,MDW,30
OKC,PHX,99
OKC,STL,56
OMA,BNA,5
OMA,DAL,34
OMA,DCA,55
OMA,DEN,169
OMA,HOU,30
OMA,LAS,98
OMA,LAX,24
OMA,MDW,123
OMA,PHX,61
OMA,SAN,40
OMA,STL,82
ONT,DAL,30
ONT,DEN,167
ONT,LAS,110
ONT,MDW,30
ONT,OAK,192
ONT,PDX,45
ONT,PHX,323
ONT,SFO,258
ONT,SJC,139
ONT,SMF,207
ORF,BNA,9
ORF,BWI,135
ORF,MCO,42
ORF,MDW,39
PBI,ATL,286
PBI,BWI,59
PBI,ISP,72
PDX,BUR,70
PDX,DAL,60
PDX,DEN,341
PDX,LAS,307
PDX,LAX,423
PDX,MCI,60
PDX,MDW,46
PDX,OAK,279
PDX,ONT,45
PDX,PHX,207
PDX,SAN,196
PDX,SJC,277
PDX,SMF,193
PDX,STL,30
PHL,ATL,533
PHL,BNA,250
PHL,DAL,30
PHL,DEN,272
PHL,HOU,1
PHL,MCO,441
PHL,MDW,150
PHL,PHX,239
PHL,STL,216
PHL,TPA,192
PHX,ABQ,285
PHX,ATL,260
PHX,AUS,199
PHX,BNA,93
PHX,BOI,83
PHX,BUF,10
PHX,BUR,280
PHX,BWI,115
PHX,CLE,47
PHX,CMH,81
PHX,DAL,173
PHX,DEN,631
PHX,DSM,64
PHX,DTW,183
PHX,ELP,254
PHX,EWR,192
PHX,FLL,65
PHX,GEG,63
PHX,HOU,139
PHX,ICT,30
PHX,IND,101
PHX,LAS,475
PHX,LAX,550
PHX,LIT,30
PHX,MCI,149
PHX,MCO,79
PHX,MDW,195
PHX,MKE,108
PHX,MSP,270
PHX,MSY,30
PHX,OAK,222
PHX,OKC,100
PHX,OMA,61
PHX,ONT,324
PHX,PDX,207
PHX,PHL,239
PHX,PIT,58
PHX,RDU,60
PHX,RNO,195
PHX,SAN,446
PHX,SAT,195
PHX,SDF,30
PHX,SEA,480
PHX,SFO,357
PHX,SJC,316
PHX,SLC,361
PHX,SMF,300
PHX,SNA,339
PHX,STL,147
PHX,TPA,66
PHX,TUL,51
PIT,ATL,312
PIT,BNA,63
PIT,BWI,81
PIT,DAL,30
PIT,DEN,146
PIT,FLL,48
PIT,HOU,30
PIT,LAS,90
PIT,MCO,132
PIT,MDW,139
PIT,PHX,38
PIT,RSW,9
PIT,STL,35
PIT,TPA,59
PNS,BNA,60
PNS,DAL,30
PNS,HOU,29
PVD,BWI,185
PVD,DCA,258
PVD,FLL,39
PVD,MCO,132
PVD,MDW,81
PVD,TPA,30
PWM,BWI,120
RDU,ATL,428
RDU,AUS,21
RDU,BNA,89
RDU,BWI,253
RDU,DAL,30
RDU,DEN,145
RDU,FLL,137
RDU,HOU,30
RDU,LAS,60
RDU,MCI,26
RDU,MCO,192
RDU,MDW,89
RDU,MSY,38
RDU,PHX,49
RDU,STL,60
RDU,TPA,148
RIC,ATL,331
RIC,MCO,69
RIC,TPA,9
RNO,DEN,165
RNO,LAX,233
RNO,MDW,30
RNO,OAK,51
RNO,PHX,195
RNO,SAN,85
RNO,SJC,131
ROC,BWI,89
ROC,MCO,30
RSW,ATL,255
RSW,BWI,69
RSW,CMH,30
RSW,IND,10
RSW,MDW,63
RSW,PIT,9
RSW,STL,30
SAN,ABQ,85
SAN,ATL,205
SAN,AUS,131
SAN,BNA,56
SAN,BOI,60
SAN,BWI,114
SAN,DAL,144
SAN,DEN,379
SAN,ELP,30
SAN,EWR,118
SAN,GEG,10
SAN,HOU,77
SAN,LAS,443
SAN,MCI,81
SAN,MDW,113
SAN,MSY,25
SAN,OAK,343
SAN,OMA,60
SAN,PDX,196
SAN,PHX,456
SAN,RNO,90
SAN,SAT,72
SAN,SEA,409
SAN,SFO,555
SAN,SJC,559
SAN,SLC,223
SAN,SMF,508
SAN,STL,35
SAN,TUS,55
SAT,ATL,283
SAT,BNA,59
SAT,BWI,61
SAT,DAL,275
SAT,DEN,205
SAT,ELP,59
SAT,FLL,30
SAT,HOU,167
SAT,LAX,143
SAT,MCI,30
SAT,MCO,51
SAT,MDW,64
SAT,MSY,60
SAT,OAK,2
SAT,PHX,177
SAT,SAN,72
SAT,STL,56
SAT,TPA,30
SDF,BWI,89
SDF,DAL,30
SDF,DEN,47
SDF,HOU,30
SDF,LAS,30
SDF,MCO,35
SDF,MDW,105
SDF,PHX,30
SDF,TPA,30
SEA,BWI,94
SEA,DAL,120
SEA,DEN,643
SEA,LAS,582
SEA,MCI,90
SEA,MDW,79
SEA,OAK,306
SEA,PHX,472
SEA,SAN,409
SEA,SJC,412
SEA,SMF,361
SEA,STL,86
SFO,AUS,190
SFO,BUR,297
SFO,DAL,90
SFO,DEN,452
SFO,LAS,565
SFO,LAX,1151
SFO,MDW,54
SFO,ONT,258
SFO,PHX,376
SFO,SAN,556
SFO,STL,61
SJC,ABQ,32
SJC,AUS,131
SJC,BNA,30
SJC,BOI,81
SJC,BUR,405
SJC,BWI,30
SJC,DAL,143
SJC,DEN,243
SJC,ELP,5
SJC,GEG,30
SJC,HNL,77
SJC,HOU,30
SJC,LAS,331
SJC,LAX,436
SJC,LGB,174
SJC,MDW,51
SJC,OGG,78
SJC,ONT,139
SJC,PDX,284
SJC,PHX,315
SJC,RNO,131
SJC,SAN,559
SJC,SEA,432
SJC,SLC,181
SJC,SNA,406
SJC,STL,30
SJC,TUS,56
SJU,BWI,39
SJU,FLL,236
SJU,MCO,378
SJU,MDW,9
SJU,TPA,68
SLC,BUR,136
SLC,BWI,74
SLC,DAL,30
SLC,DEN,591
SLC,HOU,2
SLC,LAS,310
SLC,LAX,437
SLC,MDW,60
SLC,OAK,229
SLC,PHX,341
SLC,SAN,227
SLC,SJC,187
SLC,SMF,172
SLC,STL,74
SMF,AUS,30
SMF,BOI,30
SMF,BUR,314
SMF,BWI,30
SMF,DAL,30
SMF,DEN,303
SMF,GEG,30
SMF,HOU,2
SMF,LAS,361
SMF,LAX,417
SMF,LGB,178
SMF,MDW,30
SMF,ONT,208
SMF,PDX,188
SMF,PHX,299
SMF,SAN,508
SMF,SEA,346
SMF,SLC,172
SMF,SNA,166
SMF,STL,30
SNA,DAL,26
SNA,DEN,262
SNA,HOU,30
SNA,LAS,257
SNA,OAK,195
SNA,PHX,338
SNA,SJC,399
SNA,SMF,166
STL,ATL,340
STL,AUS,56
STL,BDL,30
STL,BNA,98
STL,BOS,110
STL,BWI,123
STL,CLE,80
STL,CMH,55
STL,DAL,172
STL,DCA,256
STL,DEN,239
STL,DSM,55
STL,DTW,77
STL,ECP,9
STL,EWR,167
STL,FLL,56
STL,HOU,115
STL,ICT,55
STL,LAS,149
STL,LAX,133
STL,LGA,349
STL,LIT,56
STL,MCI,82
STL,MCO,145
STL,MDW,200
STL,MKE,56
STL,MSP,227
STL,MSY,69
STL,OAK,30
STL,OKC,56
STL,OMA,81
STL,PDX,30
STL,PHL,209
STL,PHX,135
STL,PIT,35
STL,RDU,60
STL,RSW,30
STL,SAN,55
STL,SAT,56
STL,SEA,86
STL,SFO,62
STL,SJC,30
STL,SLC,74
STL,SMF,30
STL,TPA,64
STL,TUL,56
TPA,ALB,10
TPA,ATL,576
TPA,AUS,47
TPA,BDL,80
TPA,BHM,34
TPA,BNA,77
TPA,BUF,34
TPA,BWI,199
TPA,CMH,67
TPA,DAL,89
TPA,DCA,154
TPA,DEN,152
TPA,FLL,146
TPA,HOU,72
TPA,IND,30
TPA,ISP,47
TPA,LAS,90
TPA,LGA,141
TPA,MCI,26
TPA,MDW,102
TPA,MEM,26
TPA,MHT,10
TPA,MKE,26
TPA,MSY,110
TPA,PHL,191
TPA,PHX,77
TPA,PIT,60
TPA,PVD,30
TPA,RDU,136
TPA,RIC,9
TPA,SAT,30
TPA,SDF,30
TPA,SJU,84
TPA,STL,64
TUL,DAL,105
TUL,DEN,155
TUL,HOU,85
TUL,PHX,51
TUL,STL,56
TUS,DEN,150
TUS,LAS,111
TUS,LAX,196
TUS,MDW,30
TUS,SAN,55
TUS,SJC,56
FLL,LAS,101
IND,OAK,1
LAS,FLL,101
LAX,PIT,31
LAX,TPA,31
MCI,OAK,25
MCO,SAN,42
MSP,OAK,1
OAK,IND,1
OAK,MCI,25
PIT,LAX,31
SAN,MCO,42
TPA,LAX,31
BDL,FLL,83
BNA,SEA,88
BOI,MDW,4
BOS,IND,100
BUF,FLL,31
CLE,MCO,108
CLE,TPA,66
CRP,DAL,4
DAL,CRP,4
DEN,ORF,47
EWR,MCO,529
FLL,BDL,83
FLL,BUF,27
FLL,ISP,21
FLL,PHL,200
HOU,SJU,4
IND,BOS,100
ISP,FLL,21
LGA,MCO,279
MCO,CLE,108
MCO,EWR,529
MCO,LGA,280
MDW,BOI,4
MDW,PNS,4
MDW,PWM,4
MKE,SEA,59
ORF,DEN,47
PHL,FLL,200
PNS,MDW,4
PNS,STL,4
PWM,MDW,4
SEA,BNA,89
SEA,MKE,60
SJU,HOU,4
STL,PNS,4
TPA,CLE,69
JFK,LAX,1047
DFW,OKC,260
LAX,JFK,1049
DFW,HNL,51
OGG,DFW,30
LAX,ORD,667
HNL,DFW,51
LAS,DFW,409
MSY,DFW,254
DFW,JAX,161
JAX,DFW,161
OGG,LAX,241
MIA,JFK,318
SFO,JFK,617
ORD,JFK,282
ORD,RDU,305
BOS,MIA,149
MIA,BOS,149
LGA,ORD,1175
ORD,LGA,1176
LAX,HNL,444
BNA,MIA,74
PHL,ORD,444
DFW,EWR,296
EWR,DFW,298
DFW,SAT,316
SAT,DFW,317
SAN,DFW,264
DFW,MAF,227
JFK,AUS,164
KOA,LAX,119
LAX,KOA,119
LGA,PHL,109
JFK,SFO,618
DFW,ORD,676
ORD,ATL,674
DFW,DCA,278
DFW,LAX,603
CLT,MIA,203
MIA,CLT,203
BWI,DFW,144
DFW,BWI,145
MCI,ORD,346
ORD,MCI,372
ORD,DFW,674
DFW,OGG,30
LAX,PHL,254
MSP,ORD,625
ORD,MSP,619
DEN,DFW,518
DFW,DEN,519
SAN,ORD,302
TUS,DFW,194
DFW,MSY,255
DFW,SFO,389
SFO,DFW,391
BOS,ORD,687
ORD,BOS,687
HNL,LAX,444
MIA,ORD,330
BDL,MIA,30
LAX,DFW,604
DFW,STL,230
STL,DFW,230
MSY,MIA,120
DCA,LAX,120
LAX,DCA,120
ORD,JAC,123
BOS,LAX,410
LAX,BOS,407
LAS,ORD,422
ORD,LAS,421
SJC,DFW,119
JAC,LGA,4
LGA,JAC,4
DFW,ICT,202
ICT,DFW,201
PHX,MEM,56
CLT,SLC,60
DFW,IND,145
IND,DFW,145
ABQ,DFW,230
DFW,ABQ,230
DFW,SAV,62
PDX,DFW,143
MIA,PHX,92
DCA,DFW,277
LAX,OGG,241
CLT,JFK,324
MCO,LAX,191
CLT,LAS,194
CLT,ORD,410
DFW,SEA,344
SEA,DFW,347
SEA,ORD,493
CLT,MCO,359
DFW,CLT,295
LAX,CLT,205
PBI,ORD,30
DFW,ELP,260
ELP,DFW,261
DFW,TUL,264
DFW,TPA,213
DFW,TUS,194
SNA,DFW,250
DFW,ATL,546
AUS,DFW,319
DFW,AUS,319
DFW,MSP,378
MSP,DFW,378
ORD,TPA,190
LGA,MIA,458
MEM,DFW,229
MCO,ORD,325
ORD,MCO,325
DFW,PHL,306
MIA,SJU,153
SJU,MIA,154
CLT,AUS,151
MIA,SFO,94
PSP,DFW,50
DFW,GSP,80
ORD,RNO,89
RNO,ORD,88
TPA,DFW,213
DFW,PDX,143
PHX,JFK,230
SAV,DFW,63
DFW,MIA,309
CAE,DFW,78
DFW,CAE,78
ATL,ORD,646
CLT,SAT,115
IAH,DFW,498
DFW,LGA,558
LGA,DFW,558
DEN,MIA,93
MIA,DEN,93
ORD,JAX,148
DFW,RNO,89
PNS,DFW,142
JAX,ORD,148
MCI,CLT,114
DFW,DSM,104
DSM,DFW,104
MIA,DFW,306
DEN,ORD,577
ORD,DEN,579
DFW,ONT,171
RDU,DFW,167
DFW,RSW,85
MIA,IAH,239
MYR,CLT,238
TPA,CLT,261
CLE,DFW,164
DFW,CLE,165
DFW,PIT,143
PIT,DFW,144
DFW,SJU,30
EWR,ORD,488
ORD,LAX,668
CLT,MSY,198
MSY,CLT,200
ORD,PBI,29
DFW,MCO,368
MCO,DFW,367
DTW,DFW,333
MIA,BWI,30
LAS,PHL,175
CLT,RDU,262
RDU,CLT,262
DCA,MEM,89
DFW,MEM,226
ORD,MIA,331
DCA,ORD,684
ORD,DCA,684
CLT,PWM,61
CVG,DFW,205
PWM,CLT,61
BNA,DFW,223
DFW,BNA,222
AUS,ORD,265
ORD,AUS,239
DFW,SLC,308
SLC,DFW,309
EWR,CLT,445
ORD,PHL,448
DFW,DTW,332
DFW,MCI,229
DTW,MIA,108
MIA,DTW,108
MSY,ORD,163
PHL,LAS,173
JFK,DFW,138
GSP,DFW,79
SJC,ORD,103
PHL,PWM,65
JFK,LAS,285
PHL,RDU,248
BOS,DFW,247
CLT,PBI,143
PBI,CLT,144
CLT,DCA,266
DFW,BOI,76
BOI,DFW,76
CLE,PHL,58
RDU,LGA,406
OMA,DFW,115
PHL,CLE,61
MIA,MCO,183
DFW,FLL,247
PHL,DFW,310
SFO,MIA,92
AUS,CLT,151
ATL,MIA,556
MIA,ATL,556
CLT,MSP,218
MSP,CLT,218
DFW,SMF,142
SAT,CLT,116
LAS,DCA,29
FLL,DFW,245
LAS,CLT,194
MEM,DCA,89
DFW,SAN,262
MIA,PHL,206
PHL,MIA,205
DFW,XNA,258
ORD,BWI,258
IAD,CLT,315
DFW,BOS,247
JFK,CLT,327
BWI,ORD,258
MIA,TPA,149
TPA,MIA,150
ORD,SEA,491
DFW,ORF,62
PHX,BOS,141
SNA,ORD,206
CLT,IAD,315
PDX,CLT,31
SRQ,CLT,117
DFW,JAC,59
MIA,STL,81
DFW,BUR,56
MAF,DFW,227
BUR,DFW,56
CLT,DFW,294
PHL,RSW,116
RSW,PHL,116
BZN,DFW,30
CLT,SRQ,117
DFW,BZN,30
PHL,BOS,641
DFW,LAS,408
CMH,DFW,140
DFW,CMH,140
DFW,CVG,205
DFW,SNA,250
SFO,ORD,526
CHS,CLT,266
IAD,DFW,201
DFW,AMA,201
PHL,DCA,90
ATL,DFW,547
MKE,DFW,115
MIA,BNA,73
DFW,OMA,115
ORD,STL,232
STL,ORD,234
DFW,IAH,495
ORD,SFO,527
ONT,DFW,171
CLT,STL,192
BDL,PHL,101
PHL,BDL,101
CLT,PHL,303
IAH,LAX,331
CLT,PHX,241
SFO,CLT,142
PHX,OGG,34
SAN,PHL,62
SMF,DFW,141
CLT,SAN,107
PHL,SEA,121
SAN,CLT,107
CLT,ILM,267
ILM,CLT,267
ORD,PHX,441
CLE,CLT,202
DCA,CLT,262
PHX,ORD,443
PBI,PHL,78
ORD,SNA,208
MCO,CLT,360
CLT,JAX,231
PIT,CLT,259
CLT,FLL,230
CLT,BOS,349
CLT,DEN,277
CLT,SYR,114
SYR,CLT,114
PHL,LAX,254
ORD,CLT,411
GEG,DFW,29
RIC,CLT,233
DEN,CLT,277
PHX,CLT,239
PHL,BUF,58
CLT,TPA,260
BUF,DFW,30
MSP,PHL,207
PHL,MSP,207
PIT,PHL,138
DFW,PHX,382
FLL,CLT,231
CLT,IAH,306
MEM,CLT,174
CLT,RIC,233
BOS,PHL,639
SFO,PHL,169
LAX,CMH,73
LAX,SDF,27
PHX,DFW,380
ALB,CLT,82
CLT,SFO,143
CLT,SEA,88
SEA,CLT,91
PHL,CLT,300
SEA,PHL,122
CLT,RSW,141
RSW,CLT,141
SMF,CLT,31
MCO,MIA,182
PHL,SFO,167
CLT,LGA,490
LGA,CLT,491
CLT,SMF,30
CLT,LAX,206
JFK,PHX,231
JAC,DFW,59
DFW,MKE,115
DFW,VPS,141
CLT,ATL,514
MIA,LGA,458
JFK,DCA,157
AUS,PHL,91
DFW,LBB,208
FAT,DFW,76
DFW,IAD,201
COS,DFW,148
CLT,EWR,444
BDL,ORD,223
DFW,COS,148
TYS,DFW,135
ORD,BDL,222
RSW,DFW,85
DFW,FAT,77
JFK,SAT,60
PVD,PHL,148
DFW,MFE,226
MFE,DFW,227
SMF,ORD,118
DFW,JFK,136
BOS,PHX,142
RDU,ORD,304
JAC,ORD,123
MCI,DFW,229
RDU,PHL,250
ORD,PIT,339
PHX,IAH,219
PIT,ORD,339
DFW,PBI,76
PBI,DFW,76
AMA,DFW,201
CLT,ALB,82
LGA,RDU,406
PHL,PIT,138
ABQ,ORD,117
LBB,DFW,207
ORD,ABQ,118
JAX,PHL,96
MCI,PHL,88
DFW,TYS,134
CLT,TYS,168
TYS,CLT,138
DCA,PBI,87
OKC,DFW,260
PBI,DCA,87
DFW,GSO,73
GSO,DFW,72
BUF,ORD,261
VPS,DFW,142
PHL,PVD,148
SLC,CLT,60
PHX,LIH,22
DCA,PHX,90
PHX,DCA,90
CLT,CLE,202
PHX,HNL,90
HNL,PHX,90
LIH,PHX,22
CLT,BUF,89
CLT,PVD,162
DCA,RSW,33
RSW,DCA,33
LAX,IAH,331
MSY,PHL,112
IAH,CLT,306
CMH,LGA,318
LGA,CMH,317
SAV,CLT,241
PHL,AUS,92
ATL,CLT,513
BDL,CLT,174
CLT,BDL,175
PHL,SAN,61
BHM,DFW,162
DFW,BHM,162
PHL,IAH,203
IAH,PHL,203
MIA,SEA,24
JFK,ORD,283
STL,CLT,192
CLT,DTW,291
DTW,CLT,291
TUL,DFW,263
FAT,PHX,140
PHX,FAT,139
IAH,ORD,398
ORD,IAH,400
CLT,GSO,268
GSO,CLT,268
CLT,SDF,231
SDF,CLT,230
CLT,IND,236
IND,CLT,235
IND,PHL,164
PHL,IND,163
JFK,STT,8
STT,JFK,8
MIA,STT,30
STT,MIA,30
STL,MIA,80
JFK,MIA,316
DFW,LIT,260
LIT,DFW,260
DCA,MIA,269
MIA,DCA,269
ORD,SAT,146
MIA,LAS,55
DFW,MSN,86
MSN,DFW,86
LAX,BDL,26
XNA,DFW,257
CLT,CHS,265
CLT,SJU,26
DFW,GRR,79
MDT,CLT,85
LAX,OKC,2
OKC,LAX,2
DFW,PNS,141
GRR,DFW,78
JFK,BOS,438
BOS,JFK,430
MIA,RDU,91
SAT,ORD,146
MIA,STX,30
STX,MIA,30
LAX,MIA,210
PHX,SBA,117
SBA,PHX,117
FLL,ORD,119
ORD,FLL,118
ORD,SJC,103
RSW,ORD,114
BOS,DCA,732
DCA,BOS,729
BOS,LGA,864
LGA,BOS,867
DCA,LGA,529
LGA,DCA,528
IND,ORD,404
EGE,DFW,34
DFW,EGE,33
PWM,PHL,65
ORD,EWR,484
PIT,DCA,133
CLT,SAV,241
RIC,DFW,85
BUF,PHL,59
ORD,RSW,114
SAT,JFK,60
ORD,TUS,52
ORD,PDX,236
ORF,DFW,62
LAX,MCO,190
MIA,LAX,209
AUS,JFK,163
PDX,ORD,237
BOS,CLT,348
TUS,ORD,52
DFW,RIC,85
LAS,MIA,54
MIA,MSY,120
ORD,SAN,301
ATL,PHF,85
DTW,JFK,132
BMI,ATL,79
AGS,ATL,218
ATL,AGS,218
DTW,LAN,136
LAN,DTW,136
CLE,JFK,131
MSP,CVG,152
ATL,XNA,159
XNA,ATL,159
BGR,LGA,144
LGA,BGR,144
DTW,GRR,190
GRR,DTW,190
ATL,GPT,138
GPT,ATL,138
PIT,DTW,140
DTW,BUF,130
RIC,JFK,73
DTW,IND,185
IND,DTW,185
GRB,MSP,108
MSP,GRB,109
JFK,CLE,131
AUS,CVG,29
IAH,DTW,306
JAX,LGA,85
JFK,ROC,180
ROC,JFK,180
CMH,DTW,141
MSP,RIC,55
RIC,MSP,55
JFK,SYR,150
LGA,CLE,381
BOS,JAX,152
JAX,BOS,152
IND,JFK,106
JFK,IND,106
LGA,JAX,85
MEM,LGA,116
MSP,PIT,108
DTW,IAH,307
MSP,XNA,45
ATL,CAK,85
CAK,ATL,85
MSN,MSP,150
MSP,MSN,151
BOS,BUF,188
BUF,BOS,188
ATL,TYS,246
TYS,ATL,246
ATL,LFT,115
LFT,ATL,115
MSP,TYS,30
ABE,ATL,82
ATL,ABE,82
DTW,LEX,115
ORF,JFK,173
ATL,FNT,85
FNT,ATL,85
PIT,MSP,108
XNA,MSP,45
DSM,LGA,46
LNK,ATL,20
MSP,LAN,30
CVG,RDU,38
LGA,CVG,234
DTW,MEM,80
MEM,DTW,80
MEM,MSP,85
TYS,DTW,120
LEX,MSP,24
CWA,DTW,55
DTW,CWA,55
ATL,HPN,184
HPN,ATL,184
DTW,CVG,89
ATL,LNK,21
JFK,PIT,110
PIT,JFK,110
BTV,LGA,60
JAX,JFK,175
CVG,MSP,152
CVG,DTW,87
CWA,MSP,85
MSP,CWA,85
MSP,LEX,25
CVG,ORD,518
RDU,JFK,281
CVG,STL,16
STL,CVG,16
MSP,OMA,180
OMA,MSP,180
DTW,DSM,105
CMH,MSP,82
DTW,PIT,140
MSP,CMH,82
JFK,ORF,173
LGA,XNA,76
ATL,MLI,85
ATL,BMI,79
ORF,BOS,26
ATL,RST,50
SYR,DTW,98
RST,ATL,50
BUF,JFK,307
ATL,FWA,113
FWA,ATL,113
BOS,CLE,192
CLE,BOS,192
DTW,ORD,628
ORD,DTW,628
LGA,PIT,384
PIT,LGA,384
ATL,SGF,115
SGF,ATL,115
PHL,CVG,244
DTW,SYR,98
EWR,MSP,315
CVG,PHL,243
BOS,ORF,25
RDU,CVG,34
JFK,RDU,281
LGA,DSM,46
DTW,EVV,79
BTV,JFK,178
LEX,ATL,212
LGA,PWM,142
PWM,LGA,142
ROA,ATL,135
CVG,LGA,234
DTW,CLE,138
DTW,MSN,110
MSN,DTW,110
DTW,MDT,47
MDT,DTW,47
MOB,ATL,189
BNA,JFK,136
JFK,BNA,136
MSP,SDF,79
EWN,ATL,60
LGA,ROC,106
ORD,CVG,516
ROC,LGA,106
CVG,BOS,103
MSP,EWR,315
LGA,MEM,116
ATL,GRB,44
DTW,ORF,105
ORF,DTW,105
DTW,PWM,34
LGA,GRR,66
CLE,MSP,129
ATL,CHA,260
BDL,RDU,16
CLE,LGA,381
ATL,CAE,217
ATL,GNV,216
ATL,MOB,189
CAE,ATL,218
GNV,ATL,216
LGA,LEX,30
CVG,DCA,176
GSP,LGA,76
MOT,MSP,131
LGA,SAV,87
MBS,DTW,74
SAV,LGA,87
ATL,OAJ,105
LGA,ORF,238
ORF,LGA,238
TYS,LGA,121
IND,LGA,191
LGA,IND,191
LGA,RIC,251
CVG,JFK,60
DTW,TYS,120
BOS,CVG,103
ATL,AEX,105
GRR,MSP,138
MSP,GRR,138
OAJ,ATL,105
RIC,LGA,249
ATL,LEX,213
JFK,DTW,133
BWI,JFK,136
SHV,ATL,186
ATL,TLH,220
CHA,ATL,261
CVG,IAH,152
JFK,BUF,307
LEX,LGA,30
ATL,CSG,108
CSG,ATL,108
JFK,RIC,73
LGA,RSW,58
RSW,LGA,58
JFK,BTV,178
CVG,CLT,269
ATL,BTR,161
BTR,ATL,161
RDU,BDL,17
JFK,IAD,110
MVY,LGA,4
DCA,CVG,175
ACK,LGA,9
LGA,ACK,9
BUF,LGA,106
LGA,BUF,106
CHO,LGA,127
LGA,CHO,128
CLE,RDU,39
SYR,JFK,150
DTW,SDF,137
SDF,DTW,137
BHM,DTW,78
DTW,BHM,78
SDF,MSP,79
DTW,CID,106
MSP,MEM,85
CHO,ATL,130
DTW,CMH,137
MSP,CLE,129
RDU,BOS,330
GSO,LGA,226
LGA,GSO,226
GRR,LGA,66
LGA,GSP,76
DAY,MSP,107
DTW,MBS,75
ATL,EVV,110
EVV,ATL,110
ATL,CHO,130
JFK,PWM,148
PWM,JFK,149
JFK,SAV,120
SAV,JFK,120
ATL,ROA,135
LGA,SYR,78
BIS,MSP,186
MHT,LGA,25
MSP,BIS,186
CLE,DTW,138
MSP,DSM,135
ATL,SHV,186
EVV,DTW,79
LGA,TYS,121
MSP,SAV,4
SAV,MSP,4
DSM,MSP,135
DTW,AVL,4
BDL,CLE,20
BUF,DTW,130
LEX,DTW,115
PHF,ATL,85
IAH,CVG,153
BOS,RDU,328
IAD,JFK,110
LGA,BTV,60
ATL,AVL,195
AVL,ATL,195
MLI,ATL,85
DTW,ROC,105
JFK,BWI,136
CVG,MCI,41
MCI,CVG,41
MSP,CHS,1
CHS,MSP,1
TLH,ATL,221
PWM,DTW,34
ATL,MHT,29
CHS,DTW,79
DTW,CHS,79
IAH,MSP,306
MSP,IAH,306
LGA,MVY,4
PIT,RDU,57
RDU,PIT,57
ATL,CID,85
CID,ATL,85
GRB,ATL,44
LIT,DTW,24
IND,RDU,25
MSP,MOT,131
MSP,DAY,107
DCA,RDU,212
RDU,IND,25
ROC,DTW,105
DCA,JFK,161
DAY,DTW,103
ATL,ATW,50
ATW,ATL,49
DSM,DTW,105
ATL,TUL,125
TUL,ATL,125
ALB,MSP,30
CHA,LGA,28
RDU,DCA,211
AEX,ATL,105
CVG,AUS,29
ALB,DTW,101
DTW,ALB,101
RDU,CLE,40
LGA,CHA,28
ORD,CAK,166
CLE,IAH,145
ORD,LEX,87
EWR,DCA,144
IAH,BTR,205
GRR,ORD,322
GSO,EWR,50
CAK,ORD,165
IAH,HRL,123
IAH,ICT,115
TVC,ORD,178
GPT,IAH,85
ORD,CID,144
IND,IAH,145
DAY,ORD,172
ORD,TUL,164
LCH,IAH,85
CRP,IAH,177
GRB,ORD,264
ORD,CMH,465
GRK,IAH,86
CLE,DCA,221
IAH,CLL,83
IAH,LIT,166
MOB,IAH,111
IAH,LBB,90
EWR,CMH,105
ICT,ORD,174
JAX,IAH,116
BUF,EWR,62
ORD,SAV,118
IAH,ATL,442
ORD,MSN,269
ORD,XNA,264
ORD,AZO,142
IAH,CLE,145
AMA,IAH,89
OKC,IAH,235
LAN,ORD,77
ORD,MEM,197
ORD,CLE,442
BRO,IAH,140
IAH,HSV,110
TYS,IAH,115
ORD,LAN,77
EWR,BUF,92
ORD,ICT,175
EWR,RIC,108
DCA,EWR,144
IAH,PNS,174
ORD,CRW,85
ORD,OKC,146
EWR,OKC,30
IAH,CRP,178
ORD,ABE,141
SYR,ORD,248
MEM,EWR,86
MEM,IAH,145
DCA,CLE,221
EWR,BTV,59
IAH,SGF,59
ORD,RIC,221
MKE,EWR,106
ORD,EVV,64
AEX,IAH,85
HOB,IAH,56
PNS,ORD,30
PNS,IAH,173
ABE,ORD,140
IAH,OMA,114
IAH,GPT,85
CRW,ORD,84
ORD,SBN,97
BHM,ORD,142
EWR,IND,145
STL,IAH,141
CMH,ORD,463
GRR,EWR,77
ORD,BHM,142
BHM,IAH,142
ORD,DAY,172
GSP,ORD,101
EWR,SBN,51
IAH,GRK,86
MFE,IAH,204
CLL,IAH,83
EWR,MKE,107
ORD,PNS,30
DSM,ORD,288
EWR,CLE,167
MCI,IAH,141
IAH,ELP,169
ECP,IAH,84
IAH,TUL,195
RIC,ORD,222
IAH,JAN,165
IAH,AMA,89
IAH,XNA,136
EWR,GSO,51
IND,EWR,145
IAH,BHM,142
SHV,IAH,118
XNA,ORD,294
EWR,MSN,58
OKC,EWR,30
EVV,ORD,64
HSV,IAH,112
ELP,IAH,169
ORD,GRB,266
IAH,LFT,173
ICT,IAH,115
SGF,IAH,59
EWR,TVC,8
PIT,EWR,250
IAH,LCH,85
VPS,IAH,85
GSP,EWR,41
EWR,RDU,254
SDF,ORD,171
ORD,GSP,100
IAH,SHV,118
ORD,SGF,172
ORD,IND,404
HRL,IAH,122
ORD,TVC,179
ORF,ORD,141
RIC,EWR,108
IAH,IND,144
IAH,ECP,84
IAH,MLU,55
MSN,ORD,270
IAH,LRD,84
RDU,EWR,254
MAF,IAH,202
ABQ,IAH,120
HSV,ORD,73
ORD,GRR,351
IAH,MOB,111
OMA,IAH,113
IAH,TYS,115
EWR,SYR,46
IAH,MEM,146
PWM,ORD,146
LIT,IAH,167
ORD,DSM,262
JAN,IAH,165
LBB,IAH,90
MEM,ORD,195
SBN,EWR,51
EWR,MEM,87
EWR,ORF,1
EWR,GRR,48
BNA,ORD,470
BTR,IAH,205
IAH,STL,141
LFT,IAH,173
IAH,MCI,142
IAH,MFE,205
AZO,ORD,142
XNA,IAH,136
ORD,OMA,288
ORD,LIT,139
IAH,BRO,140
TUL,IAH,195
IAH,BNA,175
ORF,EWR,1
EWR,GSP,41
LRD,IAH,83
IAH,VPS,85
IAH,DCA,218
CAE,BHM,1
TUL,ORD,163
IAH,MAF,204
SGF,ORD,173
SAV,ORD,138
PWM,EWR,58
CLE,EWR,195
EWR,MCI,114
MLU,IAH,55
ORD,BNA,470
BNA,IAH,175
IAH,DSM,85
ORD,ORF,142
BHM,CAE,1
SBN,ORD,97
MSN,EWR,58
SYR,EWR,45
DCA,IAH,217
ORD,PWM,146
ORD,BTV,179
EWR,PWM,58
IAH,JAX,115
MCI,EWR,114
ORD,SYR,248
IAH,HOB,56
DAY,EWR,30
TVC,EWR,8
IAH,AEX,85
BTV,ORD,178
RDU,IAH,120
IAH,ABQ,120
DFW,LAW,115
DFW,BTR,191
BTR,DFW,190
DFW,SHV,192
SHV,DFW,190
ABI,DFW,197
DFW,ABI,197
DFW,MOB,128
LIT,ORD,113
MOB,DFW,127
ACT,DFW,145
ORD,MSY,192
SJT,DFW,171
ILM,LGA,81
JFK,CVG,60
LGA,ILM,81
DFW,DRT,60
DRT,DFW,59
DFW,LCH,90
LCH,DFW,89
DFW,ILM,46
MIA,TLH,88
DFW,FAR,59
CLT,CMI,33
CMI,CLT,33
DFW,LFT,145
LFT,DFW,144
ORD,MSO,7
MIA,ORF,110
CMH,MIA,117
MIA,CMH,117
MIA,PIT,90
PIT,MIA,90
MDT,ORD,205
ORD,MDT,205
BIL,DFW,30
DFW,BIL,30
AVP,ORD,111
CLT,CHO,169
DFW,FSM,142
MLI,ORD,112
ORD,MLI,112
ORD,ALO,56
DTW,LGA,405
ORD,SUX,80
ORD,BUF,232
DFW,GJT,85
GJT,DFW,85
SAV,MIA,60
DFW,FCA,30
CID,ORD,146
ORD,PVD,114
CRP,DFW,230
TVC,DFW,30
ORF,MIA,110
DFW,TYR,142
TYR,DFW,142
LGA,DTW,406
MIA,SAV,60
GSP,MIA,60
MIA,GSP,60
BHM,MIA,60
FWA,ORD,206
ORD,FWA,206
CWA,ORD,88
ORD,CWA,88
BRO,DFW,112
MIA,BHM,60
DFW,MGM,86
MGM,DFW,86
RST,ORD,109
CLE,ORD,444
PVD,ORD,114
DFW,GRK,200
GRK,DFW,200
DFW,GNV,60
DFW,SWO,79
MHK,ORD,88
ORD,MHK,88
DFW,ACT,145
DFW,BPT,85
ATW,ORD,84
ORD,ATW,84
FNT,ORD,113
DFW,SPS,108
SPS,DFW,108
SWO,DFW,79
DAY,DFW,111
FAR,DFW,59
ALB,ORD,199
ORD,ALB,198
GSO,ORD,91
ORD,GSO,91
ORD,TOL,84
TOL,ORD,84
CMI,ORD,166
ORD,CMI,166
DCA,LIT,30
ORD,RST,109
MIA,CLE,60
CVG,MIA,83
DBQ,ORD,89
ORD,DBQ,89
AEX,DFW,86
DFW,AEX,86
SUX,ORD,80
CLL,DFW,115
DFW,MLU,82
LSE,ORD,90
ORD,LSE,90
FAR,ORD,81
LGA,SDF,139
SDF,LGA,139
TLH,MIA,89
CMI,DFW,60
MIA,RIC,60
RIC,MIA,61
MIA,CVG,83
CLE,MIA,60
DFW,ROW,87
ROW,DFW,87
DFW,SJT,171
ORD,ROC,229
ROC,ORD,230
BPT,DFW,85
CHA,DFW,86
BMI,ORD,84
DFW,CHA,86
ORD,FSD,83
FSD,ORD,84
HSV,DFW,164
GNV,MIA,51
MIA,GNV,52
DFW,MDT,30
HPN,ORD,90
MDT,DFW,30
MIA,PNS,90
PNS,MIA,90
TLH,DFW,79
RDU,MIA,90
ORD,BMI,84
LAW,DFW,115
JLN,ORD,60
ORD,HPN,90
ORD,JLN,60
ORD,HSV,74
CHS,ORD,120
ORD,CHS,120
DFW,DAY,111
MIA,GSO,60
DFW,SGF,208
SGF,DFW,208
DCA,PNS,64
MLU,DFW,82
DFW,LEX,78
LEX,DFW,78
DFW,JAN,196
JAN,DFW,195
DFW,LRD,134
LRD,DFW,133
OMA,ORD,289
ORD,ELP,88
ELP,ORD,87
ORD,DLH,179
DLH,ORD,179
DFW,CLL,115
PNS,DCA,64
DFW,BRO,112
ILM,DFW,46
DFW,GRI,74
ORD,FAR,81
DFW,TLH,79
CAE,LGA,76
DFW,JLN,88
JLN,DFW,88
CID,DFW,116
DFW,CID,116
LGA,CAE,76
DFW,MRY,30
MRY,DFW,30
LEX,ORD,87
DFW,EVV,60
EVV,DFW,59
FCA,DFW,30
DFW,GCK,60
GCK,DFW,60
DFW,GPT,86
GPT,DFW,86
ORD,TYS,137
TYS,ORD,114
CLT,FAY,192
FAY,CLT,192
DFW,CRP,230
FSM,DFW,142
MEM,MIA,60
MIA,MEM,60
GRI,DFW,74
DFW,HOU,228
HOU,DFW,229
JAX,MIA,149
MIA,JAX,150
DFW,SBP,30
SBP,DFW,30
DFW,MYR,32
MYR,DFW,32
DFW,STS,30
STS,DFW,30
LGA,MYR,61
MYR,LGA,61
ORD,SCE,63
SCE,ORD,63
MIA,EYW,147
EYW,MIA,147
BTR,CLT,85
CLT,BTR,85
TRI,DFW,53
CHS,MIA,120
DFW,TRI,54
MIA,CHS,119
DFW,HSV,164
DFW,TVC,30
DFW,SBA,59
SBA,DFW,59
AGS,CLT,140
HPN,CLT,114
CLT,MYR,238
CAK,PHL,59
CLT,OKC,87
DAY,DCA,105
CLT,FWA,60
FWA,CLT,60
CLT,BTV,59
DCA,ORF,86
CLT,MKE,143
MKE,CLT,143
CLT,XNA,110
XNA,CLT,110
CLT,MEM,174
CLT,LEX,89
ABE,CLT,88
CLT,ABE,89
BHM,CLT,208
CLT,BHM,208
PHF,PHL,28
DAY,CLT,179
CLT,EWN,147
EWN,CLT,147
DCA,HPN,133
HPN,DCA,133
CLT,PNS,149
PNS,CLT,149
DAY,PHL,135
CLT,MLB,89
MLB,CLT,89
CLT,CRW,144
CLT,HPN,114
CRW,CLT,144
CLT,JAN,114
DCA,GSO,81
GSO,DCA,81
CAE,DCA,81
DCA,CAE,80
PHF,CLT,144
CLT,TLH,115
TLH,CLT,115
CLT,GSP,268
CLT,LYH,86
CLT,ORF,237
LYH,CLT,85
ORF,CLT,237
DCA,PIT,132
CLT,CVG,268
PHL,ROC,2
DCA,MGM,30
MGM,DCA,30
PHL,ORF,166
CAK,CLT,119
PHL,TYS,30
AVL,CLT,232
CLT,AVL,232
DCA,TYS,87
TYS,DCA,86
PHL,CHS,59
AVP,CLT,112
CLT,AVP,112
CAE,CLT,139
CLT,ECP,60
ECP,CLT,60
CLT,ROC,115
CLT,OAJ,115
OAJ,CLT,115
PHL,BHM,61
PHL,DTW,260
DTW,PHL,260
BOS,MYR,30
MYR,FLL,43
BOS,DTW,314
MCO,IAH,288
IAH,MCO,287
DTW,BOS,315
IAH,BWI,126
BWI,IAH,126
IAH,LAS,286
TPA,GSO,10
GSO,TPA,10
MYR,BDL,31
BDL,MYR,31
EWR,MSY,145
FLL,IAH,153
ATL,EWR,522
IAH,FLL,152
DTW,MCO,250
MCO,DTW,250
ORD,OAK,20
BWI,MYR,39
AVL,MCO,14
MCO,AVL,14
FLL,MYR,43
MYR,BOS,30
LAS,IAH,284
BQN,MCO,62
MSP,MCO,141
MCO,ACY,60
FLL,BOS,240
MYR,LBE,29
LBE,MYR,29
CLE,FLL,67
BOS,FLL,244
MYR,BWI,40
FLL,CLE,66
ACY,ATL,24
DTW,MCI,129
FLL,DTW,179
DTW,FLL,179
DTW,ATL,386
CMH,MYR,14
MYR,CMH,14
MCO,BQN,62
MSP,LAS,213
LAS,MSP,213
LGA,FLL,382
TPA,AVL,10
AVL,TPA,10
RIC,FLL,54
FLL,RIC,54
FLL,LGA,382
ATL,DTW,386
EWR,ATL,522
MSY,EWR,145
LAX,CLE,89
CLE,LAX,89
OAK,ORD,20
DTW,MSP,254
IAH,TPA,139
DTW,TPA,139
FLL,STT,24
STT,FLL,24
MYR,IAG,18
BOS,MCO,334
MYR,MCO,8
CLE,MYR,24
MYR,CLE,24
ACY,FLL,51
MCO,BOS,335
MCO,MSP,141
FLL,ACY,51
STT,MCO,13
MYR,CRW,1
CRW,MYR,1
MCO,STT,13
DTW,RDU,147
RDU,DTW,147
IAG,MYR,18
ACY,MCO,60
IAH,MYR,1
LAX,FLL,152
IAH,SEA,200
TPA,IAH,138
MSP,LAX,224
EWR,IAH,321
ATL,ACY,24
FLL,LAX,153
ACY,TPA,30
TPA,ACY,30
MCI,DTW,129
MYR,ACY,30
DFW,FSD,82
FSD,DFW,83
PHX,SAF,50
SAF,PHX,50
DFW,MLI,56
MLI,DFW,56
MRY,PHX,92
PHX,MRY,92
PHX,PSP,146
PSP,PHX,146
DFW,RAP,62
RAP,DFW,62
DFW,SDF,170
SDF,DFW,170
DFW,PIA,60
PHX,STS,30
STS,PHX,30
DFW,ECP,60
COU,DFW,85
DFW,COU,86
MEM,PHX,55
PIA,DFW,60
PHX,LGB,86
ECP,DFW,60
DRO,PHX,82
PHX,DRO,82
TUS,PHX,197
BFL,DFW,30
LGB,PHX,86
IAH,PHX,219
DRO,DFW,89
PHX,MAF,29
FSD,PHX,25
PHX,FSD,26
BMI,DFW,49
DFW,MTJ,62
MTJ,DFW,63
BFL,PHX,85
PHX,BFL,85
PHX,TUS,197
CAK,IAH,30
CHS,IAH,60
GSP,IAH,59
GRR,IAH,53
IAD,GSP,63
AUS,IAD,106
IAD,MSP,145
ATL,IAH,442
GSP,IAD,63
HSV,IAD,26
IAD,MSY,60
IAD,SAT,72
IAD,BTV,61
IAD,BDL,119
IAH,OKC,235
BDL,IAD,118
IAD,PWM,30
IAH,LGA,337
MCI,IAD,60
PIT,IAD,119
IAD,LGA,89
IAD,CVG,91
RIC,IAH,60
IAH,RDU,120
PIT,IAH,169
LGA,IAH,337
SLC,IAH,225
IAH,CMH,115
CMH,IAD,119
IAD,AUS,106
CMH,IAH,115
MKE,IAH,81
IAD,BUF,55
SAT,IAH,238
IAD,ROC,84
IAD,PVD,60
LGA,IAD,89
IAD,CMH,120
CVG,IAD,90
COS,IAH,121
IAD,PIT,120
IAD,CHS,58
TUS,IAH,60
IAH,GRR,54
IAH,BDL,30
IAH,SLC,225
IAH,CHS,60
ORF,IAH,56
DAY,IAH,30
IAD,MCI,60
BDL,IAH,30
IAH,SDF,120
IAH,DAY,30
DAY,IAD,29
CHS,IAD,58
IAD,ORF,120
ORF,IAD,120
IAH,RNO,30
IAH,GSP,60
IAH,ORF,56
AUS,IAH,261
RDU,IAD,119
IAD,RDU,120
SDF,IAH,120
DTW,IAD,224
IAD,DTW,224
SAV,IAH,55
IAH,SAT,238
MHT,IAD,7
IAD,MHT,6
IAH,MTJ,2
MSP,IAD,145
BNA,IAD,90
BTV,IAD,61
IAD,RIC,59
RIC,IAD,59
HHH,IAD,15
IAD,SYR,61
SYR,IAD,61
IAH,RSW,34
IAH,MSY,266
IAD,HSV,26
IAD,SAV,30
MSY,IAD,60
PWM,IAD,31
SAT,IAD,72
ROC,IAD,84
IAD,IND,85
IAH,MKE,81
IAH,TUS,60
IAD,HHH,14
BUF,IAD,55
IAH,RIC,60
IND,IAD,84
OKC,IAD,30
IAD,CLE,119
IAH,SAV,56
IAD,OKC,30
IAH,ONT,30
IAH,CAK,30
DSM,IAH,84
IAH,AUS,261
ONT,IAH,30
IAD,DAY,29
JAX,IAD,35
STL,IAD,30
RNO,IAH,30
IAH,COS,120
IAD,JAX,5
IAH,PIT,169
PVD,IAD,60
CLE,IAD,88
MTJ,IAH,2
MSY,IAH,265
TYS,IAD,24
IAD,TYS,3
RSW,IAH,34
DFW,BFL,30
LBB,PHX,29
PHX,YUM,135
YUM,PHX,134
PHX,LBB,30
EWR,PIT,250
CMH,EWR,106
ROC,EWR,24
OMA,EWR,81
EWR,CHS,86
EWR,PNS,8
PNS,EWR,8
EWR,OMA,81
SRQ,EWR,30
XNA,EWR,26
XNA,DEN,59
EWR,RAP,1
SDF,EWR,39
DRO,DEN,141
EWR,JAX,55
TVC,DEN,2
EWR,SDF,69
RAP,EWR,1
DTW,EWR,309
EWR,DTW,309
BGR,ORD,88
CHS,EWR,86
JAX,EWR,25
DEN,GSP,43
BTV,EWR,59
SLC,ORD,283
GSP,DEN,43
DEN,DRO,141
EWR,EYW,31
DEN,MAF,114
ORD,BGR,89
RAP,ORD,90
EYW,EWR,31
ICT,DEN,94
EWR,SRQ,30
RAP,DEN,129
EYW,ORD,5
EWR,XNA,26
ORD,RAP,91
EWR,SAT,59
SAT,EWR,59
ORD,EYW,5
DEN,RAP,129
BIL,DEN,132
DEN,BIL,132
DEN,DSM,132
DRO,IAH,4
DSM,DEN,107
EWR,ROC,23
GJT,ORD,4
IAH,DRO,4
DEN,XNA,89
ORD,GJT,4
ORD,SLC,256
ORD,SDF,141
EWR,BOS,511
COS,DEN,234
BOS,EWR,512
ORD,COS,118
EWR,BGR,3
BGR,EWR,3
CMH,PHL,158
SDF,PHL,84
PHL,CMH,159
PWM,DCA,115
AUS,MIA,83
MIA,AUS,83
PHL,MSY,114
LGA,MSP,250
MSP,LGA,250
MHT,PHL,56
DCA,IND,166
IND,DCA,166
CLT,OMA,89
OMA,CLT,88
DCA,PWM,115
OKC,PHL,28
PHL,OKC,28
IND,MIA,83
MIA,IND,83
BTV,DCA,90
DCA,BTV,90
DCA,MSP,240
MSP,DCA,239
PHL,DSM,31
PHL,SAV,90
SAV,PHL,90
PHL,XNA,27
BGR,PHL,7
PHL,BGR,6
XNA,PHL,27
DCA,EYW,9
EYW,DCA,9
MSP,MIA,106
BDL,DCA,175
DCA,BDL,175
BTV,PHL,73
PHL,BTV,73
PHL,LGA,108
PHL,MHT,57
CLT,HHH,90
HVN,PHL,88
ALB,PHL,2
PHL,ALB,2
PHL,HVN,88
PHL,BWI,39
HHH,CLT,90
JAX,DCA,168
MEM,PHL,60
PHL,MEM,60
CLT,EYW,30
EYW,CLT,30
SDF,MIA,60
OMA,PHL,30
DCA,MLB,1
MLB,DCA,1
PHL,GRR,58
GRR,PHL,58
MIA,MSP,106
CLT,HVN,4
HVN,CLT,4
CMH,CLT,226
DCA,JAX,168
MCI,MIA,60
PHL,RIC,28
RIC,PHL,28
TYS,MIA,60
MIA,TYS,60
ATL,HHH,90
BOS,PIT,303
RIC,BOS,184
LGA,SRQ,23
SRQ,LGA,23
BOS,RIC,184
HHH,ATL,90
JFK,CMH,106
LGA,BHM,65
SYR,LGA,78
BHM,LGA,65
MSN,LGA,61
CMH,JFK,106
PIT,BOS,303
LGA,MSN,61
CMH,RDU,24
MSN,DCA,25
DCA,MSN,25
DCA,LEX,25
RDU,CMH,28
LEX,DCA,25
CHS,LGA,112
LGA,CHS,112
LAS,COS,39
COS,MSP,13
MSP,COS,13
COS,LAS,39
DEN,GRB,15
GRB,DEN,15
DEN,MYR,9
MYR,DEN,9
DEN,BMI,13
BMI,DEN,13
PHL,MCI,87
AUS,SLC,91
SLC,AUS,91
AUS,MSP,97
MSP,TTN,17
TTN,ATL,30
ATL,SFO,261
DEN,FSD,113
FSD,DEN,110
DEN,DCA,120
DCA,DEN,120
AUS,DTW,150
DTW,AUS,150
AUS,SNA,17
PVD,CLT,162
ATL,ISP,17
ISP,ATL,17
TTN,TPA,17
TPA,TTN,17
TTN,CHS,17
CHS,TTN,17
TTN,ORD,30
SFO,ATL,261
ATL,TTN,30
DEN,HRL,9
HRL,ORD,9
SNA,AUS,17
MCO,TTN,30
TTN,FLL,17
FLL,TTN,17
TTN,RDU,17
RDU,TTN,17
LAS,JAX,17
DEN,BHM,72
BHM,DEN,72
RDU,MKE,9
MKE,RDU,9
MCO,GRR,17
DEN,BKG,18
BKG,DEN,18
DEN,FAR,98
FAR,DEN,97
ORD,TTN,30
TTN,CLT,17
CLT,TTN,17
TTN,MCO,30
MCO,GSP,9
GSP,LAS,9
CVG,PHX,13
PHX,CVG,13
CVG,RSW,41
RSW,CLE,45
TPA,CVG,53
CVG,TPA,53
IAH,DEN,388
MCO,JAN,9
JAN,DEN,9
DEN,MSN,109
MSN,DEN,108
DEN,JAN,9
JAN,MCO,9
RDU,PWM,13
PWM,DEN,13
DEN,SYR,47
SYR,RDU,13
RDU,SYR,13
SYR,DEN,47
ONT,MCO,28
SAT,ONT,13
ONT,SAT,13
DEN,PWM,13
PWM,RDU,13
DEN,BTV,13
BTV,DEN,13
MCO,ONT,28
GRR,MCO,17
DEN,LFT,9
LFT,DEN,9
ATL,COS,47
COS,PHX,30
MCO,MDT,13
MDT,MCO,13
PHX,COS,30
COS,ATL,46
DEN,SAV,9
SAV,DEN,9
LAS,GSP,9
GSP,MCO,9
ORD,HRL,9
HRL,DEN,9
DEN,IAH,386
PHL,JAX,95
JAX,LAS,17
CLE,RSW,45
RSW,CVG,41
DEN,BFM,13
BFM,DEN,13
TTN,MSP,17
MSP,AUS,97
DEN,RSW,17
RSW,DEN,17
COS,SAT,17
SAT,COS,17
ATL,SLC,247
SLC,ATL,247
SJU,PHL,116
PHL,SJU,115
DEN,LIT,47
LIT,DEN,73
DEN,BZN,137
BZN,DEN,137
DEN,TYS,18
TYS,DEN,18
DEN,MSO,78
MSO,DEN,78
DEN,MDT,13
MDT,DEN,13
TTN,DTW,13
CVG,ATL,238
DEN,HSV,12
HSV,MCO,12
DEN,PVD,13
PVD,RDU,13
COS,IAD,13
IAD,COS,13
CVG,SFO,67
TTN,JAX,13
JAX,TTN,13
TTN,PBI,13
PBI,TTN,13
LAS,IAD,72
IAD,MCO,133
TPA,ORD,189
MCO,IAD,133
IAD,LAS,73
RDU,PVD,13
PVD,DEN,13
TTN,MYR,13
MYR,TTN,13
DEN,BIS,75
BIS,DEN,75
MCO,HSV,12
HSV,DEN,12
MKE,PHL,13
ATL,CVG,238
TTN,RSW,13
RSW,TTN,13
TTN,BNA,13
BNA,TTN,13
AUS,ONT,17
ONT,AUS,17
AUS,SEA,96
SEA,AUS,97
PHL,PNS,45
PNS,PHL,45
DEN,SBA,131
SBA,DEN,131
DEN,ICT,94
DEN,TYR,13
TYR,DEN,13
SFO,CVG,67
RDU,ISP,13
ISP,RDU,13
LAS,MSN,13
MSN,LAS,13
PHL,MKE,13
RDU,PBI,13
PBI,RDU,13
RDU,ALB,13
ALB,RDU,13
DEN,PNS,13
PNS,DEN,13
DEN,CID,80
CID,DEN,79
DTW,TTN,13
MCO,BMI,13
BMI,MCO,13
PHL,MYR,87
MYR,PHL,87
ISP,MYR,13
MYR,ISP,13
MCO,SYR,43
SYR,MCO,43
MCO,PWM,13
PWM,MCO,13
ATL,SJU,107
SJU,ATL,107
DEN,FAT,132
FAT,DEN,133
BUF,RDU,8
RDU,BUF,8
LAS,ORF,8
ORD,BFM,8
BFM,ORD,8
ORD,BKG,8
BKG,DFW,8
DFW,BKG,8
BKG,ORD,8
ORF,LAS,8
RDU,SJU,8
SJU,RDU,8
CLE,CHS,9
CHS,CLE,9
DEN,JAC,128
JAC,DEN,129
CLE,AUS,9
AUS,CLE,9
CHS,PHL,59
SFO,BFL,30
RDM,SFO,121
BOI,IAH,30
ASE,DEN,180
DEN,COS,235
BOI,ORD,95
SBP,LAX,118
MFR,SFO,119
LAX,MRY,136
BFL,DEN,60
ACV,SFO,93
FAT,SFO,118
RIC,DEN,60
SFO,XNA,30
GTF,DEN,30
COS,ORD,119
OMA,SFO,51
SFO,FAT,119
DEN,MFR,75
MAF,DEN,114
DEN,FCA,89
SAT,SFO,30
DEN,RDM,63
DEN,GJT,62
MRY,SFO,60
LAX,COS,60
GEG,SFO,60
PSP,LAX,30
SFO,SBA,150
SFO,BOI,146
ORD,FCA,37
RNO,SFO,122
SFO,SLC,290
SFO,SAT,30
ACV,LAX,59
IDA,DEN,77
DEN,ASE,180
IAH,BOI,30
LAX,SBA,120
DEN,PSC,89
BOI,SFO,146
ORD,AVP,112
COS,LAX,59
LAX,ACV,59
PSC,SFO,30
ABQ,SFO,91
OTH,DEN,9
SFO,PSP,204
SFO,TUS,89
RDD,SFO,90
SFO,OMA,51
LAX,SBP,119
DEN,SBP,60
ORD,SRQ,30
LAX,PSP,30
LAX,SAN,181
SFO,MCI,82
SAN,LAX,181
OKC,SFO,30
BZN,LAX,30
DEN,EGE,59
MKE,ORD,142
SBA,LAX,120
SFO,SMF,121
SBA,SFO,149
SFO,ABQ,91
DEN,RIC,60
SFO,MFR,119
SFO,SNA,263
DEN,PAE,60
ORD,RDM,30
LAX,SEA,721
LAX,BZN,30
ORD,ROA,55
LAX,RDM,59
SFO,PSC,30
MRY,LAX,137
RDM,DEN,62
TUS,SFO,89
PSP,DEN,90
OTH,SFO,30
SFO,RDM,121
XNA,SFO,30
SFO,ACV,93
SMF,SFO,123
DEN,PSP,90
LAX,FAT,205
OKC,ORD,147
DEN,LNK,59
SNA,SFO,262
GJT,DEN,62
SFO,OKC,30
LAX,MMH,30
ROA,ORD,55
DEN,DAY,55
RDM,LAX,59
PSP,SFO,204
LNK,DEN,89
SFO,EUG,119
ORD,LNK,42
SFO,GEG,60
SBP,SFO,120
PAE,DEN,60
EUG,ORD,30
SBP,DEN,60
SFO,OTH,30
SFO,MSP,179
ORD,BOI,94
EUG,DEN,89
DEN,IDA,78
SFO,SBP,120
SEA,LAX,722
SFO,STS,30
DEN,EUG,89
MSO,SFO,30
STS,SFO,30
PAE,SFO,120
LAX,RDD,30
RDD,LAX,30
MFR,DEN,75
SFO,RDD,90
ORD,ASE,64
FAT,LAX,204
DEN,OTH,9
DEN,BFL,60
MSP,SFO,180
MSN,SFO,31
FCA,DEN,89
STS,DEN,30
ASE,IAH,30
SLC,SFO,290
DEN,STS,30
RDM,ORD,30
SFO,MSO,30
ASE,ORD,64
EUG,SFO,120
SFO,MRY,60
EGE,DEN,58
SFO,PAE,120
IAH,ASE,30
LAX,MSN,30
LAX,ASE,32
SFO,RNO,122
SFO,MSN,32
FCA,ORD,37
PSC,DEN,89
DAY,DEN,55
LAX,PSC,30
MMH,LAX,30
MSN,LAX,30
ORD,MKE,143
ORD,EUG,30
DEN,ACV,30
ACV,DEN,30
PSC,LAX,30
ASE,LAX,32
FLG,PHX,112
PHX,FLG,112
PHX,GJT,80
ORD,FNT,113
DFW,FLG,60
FLG,DFW,60
PHX,ROW,29
ROW,PHX,29
PHX,RDM,30
GJT,PHX,79
PHX,SBP,112
SBP,PHX,112
COU,ORD,84
ORD,COU,84
RDM,PHX,30
EUG,PHX,30
MFR,PHX,30
CHO,ORD,89
ORD,CHO,89
MEI,DFW,30
CYS,DFW,59
DFW,PIB,52
PIB,DFW,53
DFW,CYS,60
ORD,MEI,31
DFW,MEI,30
MEI,ORD,30
PHX,RAP,27
RAP,PHX,27
MHK,DFW,85
PHX,EUG,30
DFW,SAF,115
SAF,DFW,116
FWA,DFW,56
DFW,SBN,60
ASE,DFW,60
DFW,ASE,60
DFW,YUM,30
YUM,DFW,30
DFW,FWA,56
SBN,DFW,60
DFW,MHK,85
PHX,MFR,30
MHT,ORD,60
ORD,MHT,60
PDX,SLC,225
SLC,PDX,226
STS,LAX,81
STS,SEA,45
SEA,STS,45
SEA,FAT,60
SEA,PDX,347
LAX,STS,82
SLC,SEA,324
PDX,BOI,90
STS,SAN,30
PDX,MSP,159
MCI,SFO,80
MSP,PDX,159
PDX,RNO,60
RNO,PDX,60
SFO,PDX,397
PDX,SFO,402
SAN,FAT,85
SAN,STS,30
PDX,FAT,60
FAT,PDX,30
PDX,SEA,330
FAT,SAN,85
BOI,PDX,89
SEA,SLC,325
PDX,BZN,30
BZN,PDX,30
GEG,PDX,29
PDX,GEG,14
SAN,MRY,30
MRY,SAN,30
FAT,SEA,90
SEA,GEG,298
SLC,PSC,85
RAP,MSP,140
SUN,SLC,88
SEA,MFR,32
MSP,CID,110
OMA,SLC,56
RAP,SLC,55
CID,MSP,110
EUG,SLC,35
SLC,MFR,31
RNO,SLC,141
SLC,RNO,141
ILM,ATL,144
ATL,ILM,144
ATL,MGM,186
ATL,SBN,115
SEA,BOI,202
MSO,MSP,59
MSP,MSO,59
MSP,FAR,182
LGA,OMA,63
ATL,MLU,106
MLU,ATL,106
MSP,GFK,156
MSP,DLH,163
SLC,EUG,35
GTF,MSP,30
DTW,OKC,50
FSM,ATL,56
GEG,SEA,284
MGM,ATL,186
MSP,TVC,85
TVC,MSP,85
CHS,BOS,106
TUS,SLC,85
GRB,DTW,108
DTW,OMA,101
SLC,OKC,69
OKC,MSP,70
MSP,GTF,30
VLD,ATL,85
SLC,RAP,55
SLC,BOI,161
DTW,TVC,140
MSP,RST,110
RST,MSP,110
GFK,MSP,156
SLC,RDM,60
DTW,ERI,85
ERI,DTW,85
MSP,SAT,80
ATL,GTR,104
RDM,SLC,60
SLC,PSP,85
BZN,SLC,90
SLC,BZN,90
SAT,MSP,80
PSC,SLC,85
MSP,SBN,55
SBN,MSP,55
ATL,FSM,56
ATL,PIA,85
PIA,ATL,85
ICT,MSP,85
MSP,ICT,85
BOS,CHS,106
ATL,VLD,85
SLC,SBA,85
SBN,ATL,115
ATW,MSP,86
DTW,GRB,108
OMA,DTW,101
ATW,DTW,58
DTW,ATW,57
MSP,ATW,86
IDA,SLC,115
SLC,IDA,115
CHA,DTW,69
FSD,MSP,185
MSP,FSD,185
SLC,HLN,85
MSP,RAP,140
ATL,FAY,139
FAY,ATL,139
ABY,ATL,80
FAR,MSP,181
RIC,DTW,101
DTW,SAT,80
MSP,LNK,84
LNK,MSP,84
BQK,ATL,85
OKC,SLC,69
SAT,DTW,80
SLC,SUN,88
MSO,SLC,83
SLC,MSO,83
TVC,DTW,140
DHN,ATL,108
TRI,ATL,165
HLN,SLC,85
DTW,AVP,76
OMA,LGA,63
DTW,SBN,130
SBN,DTW,130
ISN,MSP,60
MSP,ISN,60
DTW,AZO,76
SLC,OMA,56
MSP,AZO,46
AZO,MSP,45
DTW,HSV,30
CID,DTW,106
ATL,DHN,108
AVP,DTW,76
DTW,PVD,106
PVD,DTW,106
GTR,ATL,104
PSP,SLC,85
DTW,DAY,103
DTW,RIC,101
DLH,MSP,163
MSP,OKC,70
FWA,MSP,30
AZO,DTW,75
MFR,SLC,31
MFR,SEA,32
FCA,SLC,109
SLC,FCA,109
MSN,SLC,25
SLC,MSN,25
BOI,SLC,161
BOI,SEA,202
MSP,PSC,53
ASE,SLC,30
DTW,MKE,145
MKE,DTW,145
ATL,CRW,131
CRW,ATL,131
ATL,TRI,165
PSC,MSP,53
ATL,ABY,80
DTW,HPN,101
HPN,DTW,101
ATL,BQK,85
SAT,SLC,74
SLC,SAT,74
OKC,DTW,50
MSP,HLN,26
DTW,CHA,69
BIL,SLC,86
SLC,BIL,86
SBA,SLC,85
MSP,MBS,26
EKO,SLC,56
SLC,LWS,90
CPR,SLC,60
SLC,CPR,60
PIH,SLC,90
MSP,CIU,30
SLC,PIH,90
GJT,SLC,90
SLC,GJT,90
MSP,MQT,30
SLC,EKO,56
ITH,DTW,86
LSE,MSP,60
BGM,DTW,86
DTW,BGM,86
DTW,SCE,91
INL,MSP,52
MSP,INL,52
CIU,MSP,30
DTW,ITH,86
BRD,MSP,51
CDC,SLC,81
SLC,CDC,80
TWF,SLC,86
HIB,MSP,51
MSP,HIB,51
MLI,MSP,56
SLC,TWF,86
MSP,IMT,30
MLI,DTW,56
MQT,MSP,30
ABR,MSP,60
MSP,ABR,60
DTW,PLN,68
PLN,APN,21
LWS,SLC,90
DTW,MQT,56
MQT,DTW,56
APN,DTW,30
DTW,APN,30
GTF,SLC,86
DTW,ESC,51
ESC,DTW,51
MSP,BRD,51
FWA,DTW,86
MSP,BJI,60
MSP,RHI,60
RHI,MSP,60
IMT,MSP,30
SLC,BTM,56
BTM,SLC,56
CIU,DTW,26
DTW,CIU,26
PLN,DTW,68
BJI,MSP,60
SLC,GTF,86
APN,PLN,21
DTW,FWA,86
DTW,IMT,26
MSP,LSE,60
DTW,LSE,30
LSE,DTW,30
IMT,DTW,26
ABE,DTW,86
DTW,ABE,86
SLC,WYS,46
WYS,SLC,46
COS,SLC,60
SLC,COS,60
SCE,DTW,91
DTW,SWF,60
SWF,DTW,60
DTW,MLI,56
MSP,MLI,56
COD,SLC,38
SLC,COD,38
HLN,MSP,25
DSM,SLC,28
SLC,DSM,28
SLC,TUS,85
LGB,SLC,209
SLC,LGB,209
FAT,SLC,85
SLC,FAT,85
MBS,MSP,25
SLC,ASE,30
HSV,DTW,29
MSP,TUL,52
TUL,MSP,52
ONT,SLC,82
SLC,ONT,82
SLC,TUL,30
TUL,SLC,30
MSP,FWA,30
PIA,MSP,24
MSP,PIA,25
DTW,ORH,28
ORH,DTW,28
EAR,DEN,56
DEN,BFF,51
PBG,IAD,51
VEL,DEN,51
DVL,JMS,30
JMS,DEN,30
CNY,DEN,69
SCK,LAX,60
EAU,ORD,60
GCC,DEN,60
ORD,MKG,60
ORD,SHD,26
SHD,ORD,26
MKG,ORD,60
ORD,UIN,51
CKB,ORD,30
MBS,ORD,86
DEN,LBL,26
IAD,CKB,30
RKS,DEN,60
DEN,PUB,51
PUB,LBL,26
AVL,ORD,120
CMX,ORD,60
CGI,ORD,25
ORD,PAH,55
PAH,CGI,55
DEN,LBF,51
LAX,SCK,60
DEN,EAR,56
DEN,RKS,60
CGI,PAH,56
ORD,CGI,26
PAH,ORD,56
ORD,AVL,120
ORD,CMX,60
ORD,EAU,60
PUB,DEN,51
ORD,MBS,86
LBL,PUB,25
ORD,CKB,30
CKB,IAD,30
ORD,SPI,86
UIN,ORD,51
IAD,PBG,51
DEN,VEL,51
LBF,DEN,51
LWB,ORD,39
LBL,DEN,26
BFF,DEN,51
DEN,CNY,69
ORD,LWB,39
IAD,LWB,30
SPI,ORD,86
IAD,SHD,30
DEN,JMS,52
DVL,DEN,22
JMS,DVL,52
LWB,IAD,30
LAR,DEN,51
DEN,LAR,51
SHD,IAD,30
HYS,DEN,51
ORD,SLN,26
SLN,HYS,51
DEN,GCC,60
OGS,ORD,30
ORD,ATY,30
PIR,DEN,56
DEN,HYS,52
HYS,SLN,52
SLN,ORD,26
DEN,PIR,56
OGS,IAD,22
ORD,OGS,30
DEN,ATY,30
ATY,DEN,30
ATY,ORD,30
PRC,DEN,30
DEN,PRC,30
PRC,LAX,30
LAX,PRC,30
IAD,OGS,22
CPR,DEN,37
DEN,CPR,37
DEN,SHV,30
DEN,GTF,30
BFL,SFO,30
SRQ,ORD,30
SHV,DEN,30
FLG,LAX,4
LAX,FLG,4
SJC,PSP,23
JAC,LAX,9
LAX,JAC,8
MYR,DTW,34
DTW,MYR,34
DRO,ORD,4
MSO,ORD,7
ORD,COD,4
ORD,DRO,4
LNK,ORD,12
SAV,IAD,9
ORD,MTJ,4
SJC,MCI,4
OAK,PSP,8
BIL,MSP,58
MSP,BIL,58
SEA,RNO,45
RNO,SEA,45
PIB,MEI,3
MEI,PIB,3
AGS,DFW,30
DFW,AGS,30
KTN,SEA,114
SEA,KTN,114
SIT,SEA,20
JAC,SFO,2
SFO,JAC,2
SUN,SFO,2
DEN,MTJ,1
FCA,LAX,2
SUN,LAX,2
FCA,SFO,2
SFO,FCA,2
SUN,DEN,2
LAX,FCA,2
MTJ,DEN,1
ASE,SFO,2
SFO,ASE,2
DTW,GSP,30
MTJ,ORD,4
SEA,SFO,731
COD,ORD,5
GSP,DTW,30
EUG,SEA,3
GEG,SLC,83
SLC,GEG,83
SFO,SEA,726
PHX,SGU,15
DFW,SGU,5
SGU,PHX,14
SGU,DFW,5
DCA,SEA,59
SEA,DCA,59
JFK,SEA,283
SEA,EWR,193
MCO,SEA,80
EWR,SEA,193
SEA,BOS,217
BOS,SEA,216
SEA,MCO,80
SEA,JFK,283
PDX,BOS,92
BOS,PDX,93
ADQ,ANC,52
ANC,BET,69
BET,ANC,69
ANC,ADQ,52
BRW,ANC,30
SCC,BRW,60
ANC,SCC,60
EWR,PDX,84
PDX,EWR,84
BRW,FAI,30
FAI,ANC,179
SEA,ANC,666
JNU,KTN,24
CDV,ANC,30
SEA,JNU,109
JNU,YAK,30
YAK,CDV,30
JNU,SIT,65
ANC,JNU,116
SIT,KTN,30
WRG,KTN,30
JNU,PSG,30
PSG,WRG,30
KTN,WRG,30
WRG,PSG,30
PSG,JNU,30
JNU,ANC,86
ANC,CDV,30
YAK,JNU,30
JNU,SEA,131
CDV,YAK,30
KTN,SIT,30
SIT,JNU,55
KTN,JNU,25
ANC,SEA,641
SEA,FAI,142
FAI,SEA,142
ANC,FAI,170
ANC,PDX,98
ORD,ANC,58
ANC,LAX,20
ANC,OME,34
OME,ANC,56
ANC,OTZ,55
OTZ,OME,26
OTZ,ANC,33
ADK,ANC,8
ANC,ADK,8
PDX,ANC,98
LAX,ANC,20
EWR,LAX,426
ONT,SEA,78
SFO,BWI,81
BWI,SFO,81
PDX,SNA,119
SFO,EWR,482
OMA,SEA,30
SEA,IAH,203
EWR,SFO,481
SEA,PIT,30
PIT,SEA,30
SNA,SEA,240
SBA,SEA,30
SEA,ONT,78
SEA,SBA,30
JFK,PDX,110
SEA,OMA,30
SEA,SAT,60
SEA,IND,53
IND,SEA,53
SEA,SNA,240
LAX,EWR,424
SEA,BUR,115
SJC,JFK,87
TPA,SEA,30
FAI,SCC,21
SCC,ANC,21
SNA,PDX,119
PDX,JFK,110
BUR,SEA,115
PDX,AUS,30
AUS,PDX,30
SAT,SEA,60
TUS,SEA,30
SEA,TUS,30
JFK,SJC,87
SEA,RDU,57
RDU,SFO,60
HNL,SFO,211
MCO,PDX,30
SEA,CHS,26
SFO,RDU,61
SFO,HNL,211
ATL,SEA,295
SEA,ATL,296
RDU,SEA,57
MSY,SEA,30
PDX,DCA,30
SEA,TPA,30
DCA,PDX,30
PDX,MCO,30
EWR,SJC,26
SJC,EWR,26
CHS,SEA,26
SEA,DTW,199
DTW,SEA,199
SEA,MSY,30
OGG,SMF,60
SEA,OGG,120
OGG,SAN,60
SEA,HNL,150
PDX,OGG,60
OGG,SFO,182
LIH,SEA,70
SAN,LIH,18
SFO,OGG,182
SMF,OGG,60
HNL,SEA,150
KOA,OAK,18
ANC,HNL,30
SAN,OGG,60
HNL,PDX,59
SEA,LIH,70
SEA,KOA,60
LIH,SJC,18
OAK,KOA,18
LIH,SAN,18
OGG,SEA,120
SJC,LIH,18
SFO,KOA,84
KOA,SFO,84
HNL,ANC,30
PDX,HNL,59
HNL,SAN,60
SAN,HNL,60
OGG,PDX,60
KOA,SEA,60
SFO,DCA,60
DCA,SFO,60
SEA,MSP,286
MSP,SEA,286
SAN,BOS,110
BOS,SAN,110
SEA,ABQ,60
IAD,SFO,269
SEA,FLL,30
ABQ,SEA,60
SEA,IAD,169
IAD,SEA,169
SFO,IAD,266
IAD,LAX,304
SFO,BNA,81
BNA,SFO,81
FLL,SEA,30
LAX,IAD,306
MSP,SAN,128
SAN,MSP,129
SFO,MCO,90
MCO,SFO,90
SFO,BOS,414
BOS,SFO,416
SEA,PSP,34
PSP,SEA,34
MSY,SFO,60
SFO,MSY,60
SEA,CMH,30
CMH,SEA,30
ANC,ORD,57
SJC,KOA,12
KOA,SAN,12
SAN,KOA,12
KOA,SMF,12
KOA,SJC,12
LIH,OAK,42
OAK,LIH,42
SMF,KOA,12
PDX,PSP,3
PSP,PDX,3
OME,OTZ,4
ORH,JFK,30
JFK,ORH,30
FLL,HPN,57
TPA,BOS,181
HPN,TPA,30
FLL,EWR,350
EWR,FLL,349
ROC,BOS,30
BOS,ROC,30
JFK,ACK,72
ACK,JFK,72
MCO,HPN,93
HPN,MCO,93
HPN,PBI,90
PBI,HPN,90
HPN,FLL,57
FLL,CHS,30
SWF,FLL,30
FLL,SWF,30
CHS,FLL,30
MCO,ORH,30
ORH,MCO,30
STT,SJU,60
SJU,STT,60
CHS,DCA,149
DCA,CHS,150
JFK,MVY,35
MVY,JFK,35
ORH,FLL,30
FLL,ORH,30
JFK,JAX,175
MVY,BOS,18
BOS,MVY,18
ACK,BOS,24
BOS,ACK,24
SWF,MCO,30
MCO,SWF,30
HYA,JFK,3
JFK,HYA,3
BOS,PBI,103
PBI,BOS,102
BOS,TPA,180
TPA,HPN,30
HPN,ACK,22
ACK,HPN,22
BOS,SYR,30
SYR,BOS,30
ACK,DCA,14
DCA,ACK,14
JFK,RSW,60
RSW,JFK,60
JFK,CHS,134
CHS,JFK,135
MCO,JFK,334
BZN,LGB,1
LGB,BZN,1
LGB,SEA,60
PDX,LGB,30
SFO,LGB,40
LGB,SFO,41
LGB,JFK,56
SEA,LGB,60
JFK,MSY,162
MSY,JFK,162
BUR,JFK,49
JFK,BUR,49
JFK,MCO,335
LGA,PBI,191
PBI,LGA,192
TPA,JFK,203
JFK,LGB,56
LGB,PDX,30
FLL,SLC,53
SLC,FLL,53
FLL,BQN,35
BQN,FLL,37
JFK,SJU,239
FLL,JFK,284
SJU,JFK,239
PBI,EWR,172
BOS,SJC,23
SJC,BOS,23
HOU,JFK,30
JFK,TPA,203
TPA,EWR,226
SJU,EWR,66
HPN,RSW,30
JFK,FLL,284
JFK,SAN,166
SAN,JFK,166
JFK,ABQ,23
ABQ,JFK,23
SRQ,JFK,30
JFK,SRQ,30
EWR,PBI,172
EWR,SJU,66
PBI,PVD,23
BOS,RSW,99
RSW,BOS,99
EWR,TPA,227
JFK,PBI,116
PBI,JFK,116
JFK,ATL,294
ATL,JFK,295
ONT,JFK,23
JFK,ONT,23
LGB,AUS,30
AUS,LGB,30
JFK,HOU,30
MSY,BOS,81
BOS,MSY,81
BOS,SJU,64
SJU,BOS,66
JFK,PSE,22
PSE,JFK,22
JFK,SLC,176
SLC,JFK,176
JFK,OAK,24
OAK,JFK,24
BOS,BUR,18
BUR,BOS,18
PVD,PBI,23
BOS,MSP,250
MSP,BOS,250
MCO,PSE,30
PSE,MCO,30
BOS,LAS,179
LAS,BOS,179
RNO,JFK,19
JFK,RNO,19
BOS,SLC,74
SLC,BOS,74
BDL,PBI,42
PBI,BDL,42
ALB,FLL,30
FLL,ALB,30
BOS,SRQ,27
SRQ,BOS,27
BOS,LGB,30
LGB,RNO,30
RNO,LGB,30
LGB,BOS,30
BOS,SAV,47
SAV,BOS,47
RSW,HPN,30
LAS,JFK,285
BDL,SJU,32
SJU,DCA,30
SJU,BDL,33
DCA,SJU,30
EWR,RSW,116
RSW,EWR,116
JFK,DEN,109
BOS,STT,4
STT,BOS,4
BUF,LAX,22
LAX,BUF,22
MCO,SLC,93
SLC,MCO,93
FLL,SAN,19
SAN,FLL,19
BOS,SMF,3
SMF,BOS,3
DEN,JFK,109
RDU,MSP,108
SDF,ATL,224
SJC,DTW,18
ATL,SDF,224
TPA,DTW,137
MSP,SJC,75
ATL,ORF,230
ORF,ATL,230
MSP,RDU,108
MSP,JFK,120
ATL,ABQ,88
ATL,PNS,232
ATL,PVD,85
PVD,ATL,85
ATL,PWM,85
BHM,ATL,287
SLC,IAD,25
DAY,ATL,110
DCA,DTW,238
ELP,ATL,74
ATL,MSP,350
ATL,OMA,135
OMA,ATL,135
ATL,ELP,74
SLC,TPA,26
ATL,AVP,30
ATL,DAY,110
OKC,ATL,160
ATL,SMF,80
IND,MSP,135
MSP,IND,135
DTW,SMF,18
SMF,DTW,18
JFK,MSP,120
ALB,ATL,85
EYW,ATL,113
SLC,CMH,28
JAC,SLC,90
SLC,JAC,90
ATL,BHM,287
MSP,MKE,152
ATL,DAB,140
DAB,ATL,140
MSP,SLC,169
ATL,BUF,132
DTW,MSY,113
ECP,ATL,177
ATL,ECP,177
MSP,ATL,350
MEM,ATL,301
ATL,MEM,300
SNA,ATL,95
ATL,BDL,186
BDL,ATL,186
ICT,ATL,85
ATL,ICT,85
ATL,CHS,304
CHS,ATL,304
VPS,ATL,203
MDT,ATL,85
ATL,OKC,161
MSP,BOI,53
SLC,MSP,169
SAV,ATL,278
SLC,SNA,142
MCI,SLC,78
SLC,MCI,78
ATL,SAV,278
ATL,DSM,88
DSM,ATL,88
GSO,ATL,215
FCA,MSP,30
MSP,FCA,30
PWM,ATL,85
MSP,DTW,254
ABQ,MSP,25
MSP,ABQ,25
SLC,CLE,24
SLC,CVG,55
ATL,MSN,105
MSN,ATL,105
ATL,GSO,215
ATL,PDX,114
PDX,ATL,114
PNS,ATL,232
CMH,LAX,71
IAD,SLC,24
ATL,VPS,203
ATL,JAN,186
JAN,ATL,186
MSP,SNA,83
DTW,SJC,18
SLC,IND,26
IND,SLC,25
ATL,SRQ,172
DTW,DCA,238
ATL,MYR,118
MYR,ATL,118
SNA,SLC,142
DTW,JAX,80
JAX,DTW,79
SFO,DTW,160
DTW,SNA,25
SNA,DTW,25
ATL,SNA,95
ABQ,ATL,88
PDX,DTW,43
SRQ,ATL,172
CVG,SLC,55
DTW,RSW,83
RSW,DTW,83
BNA,SLC,51
ATL,EYW,113
DTW,LAX,229
BTV,ATL,30
ATL,BTV,30
ATL,HSV,213
HSV,ATL,213
LAX,DTW,229
ATL,SYR,85
SYR,ATL,85
MKE,MSP,152
ATL,MDT,85
MSP,ALB,30
ATL,ONT,50
ONT,ATL,50
MSP,BUF,30
DTW,PDX,43
PHL,SLC,28
SLC,PHL,28
ATL,MLB,108
MLB,ATL,108
MSY,DTW,113
ATL,GRR,131
SLC,BNA,52
GRR,ATL,131
MSP,BDL,105
ANC,ATL,12
ATL,ANC,12
DTW,SLC,118
RDU,SLC,25
BOI,MSP,53
MSP,ROC,25
BZN,MSP,88
MSP,BZN,88
BDL,DTW,131
SLC,DTW,118
DTW,SFO,158
BDL,MSP,105
ATL,SJC,80
DCA,SLC,30
SLC,DCA,30
SAN,DTW,82
HNL,ATL,29
ATL,HNL,30
SNA,MSP,82
GEG,MSP,80
MSP,GEG,80
DTW,BDL,131
DTW,SAN,83
ATL,ALB,85
LAX,MSP,223
ATL,ROC,85
TPA,SLC,25
BUF,ATL,132
SJC,ATL,80
SMF,ATL,80
SLC,PIT,25
ATL,LIT,190
TUS,ATL,50
RDU,LAX,60
FSD,ATL,22
LIT,ATL,190
LIH,LAX,128
BUF,MSP,30
ROC,ATL,85
SYR,MSP,24
ANC,MSP,50
MSP,ANC,49
LAX,LIH,128
MSP,RSW,34
RSW,MSP,34
EWR,SLC,58
SLC,EWR,58
ATL,TUS,50
MSP,TPA,50
TPA,MSP,50
SMF,MSP,55
SJC,MSP,75
LAX,RDU,60
MSP,SMF,55
SLC,RDU,25
ATL,BUR,50
BUR,ATL,50
DTW,PBI,26
PBI,DTW,26
AVP,ATL,30
MSP,SYR,25
MHT,ATL,28
CLE,SLC,23
PIT,SLC,24
CMH,SLC,27
ROC,MSP,24
ATL,STT,26
STT,ATL,26
MSY,SLC,27
SLC,MSY,27
CVG,SEA,15
SLC,HNL,24
HNL,SLC,24
SEA,CVG,15
JAX,MSP,22
MSP,JAX,22
ATL,FSD,23
MKE,SLC,21
SLC,MKE,21
MSP,MSY,39
FLL,MSP,19
MSP,FLL,19
MSY,MSP,39
JAC,MSP,3
MSP,JAC,3
IAH,BOS,117
EWR,SMF,30
SFO,IAH,232
PHX,IAD,30
TPA,IAD,86
LAS,EWR,241
DEN,LIH,30
IAD,SAN,90
SAN,IAD,90
IAH,SMF,58
IAH,SNA,115
SFO,CLE,36
IAH,SAN,175
IAD,IAH,120
IAD,EWR,140
SFO,PIT,31
PIT,SFO,31
ANC,DEN,60
SAN,IAH,175
ORD,IAD,150
BOS,IAH,118
IAH,SFO,230
ORD,BZN,65
BZN,ORD,65
SNA,IAH,115
IAH,MIA,239
EWR,LAS,240
BOS,IAD,114
IAH,EWR,324
EWR,IAD,110
IAH,IAD,121
SMF,IAH,58
PDX,IAH,60
IAH,SJC,53
ORD,GEG,30
IAD,TPA,86
ORD,SJU,52
SFO,TPA,30
MIA,EWR,205
IAD,PHX,30
SMF,EWR,30
SNA,EWR,85
IAD,ORD,152
EWR,MIA,203
IAH,PDX,61
EWR,SNA,85
IAD,FLL,30
SJC,IAH,53
DEN,KOA,30
DEN,OGG,30
KOA,DEN,30
ITO,LAX,21
LIH,DEN,30
SMF,IAD,30
SFO,CMH,30
CLE,SFO,36
ORD,SMF,119
CMH,SFO,30
SFO,BZN,30
TPA,SFO,31
OGG,DEN,30
IAH,SJU,30
FAT,ORD,30
ORD,FAT,30
BQN,EWR,30
LIH,SFO,36
ORD,FAI,30
SFO,LIH,36
EWR,BQN,30
LAX,ITO,21
FAI,ORD,30
FLL,SFO,90
SJU,ORD,52
IAD,BOS,114
IAD,BNA,90
DEN,ANC,60
SJU,IAH,30
BZN,SFO,30
SFO,FLL,90
IND,SFO,30
GEG,ORD,31
HNL,DEN,30
EWR,HNL,30
HNL,EWR,30
DEN,HNL,30
SFO,IND,31
FLL,IAD,30
IAD,SMF,30
IAH,HNL,30
HNL,IAH,30
IAD,PDX,30
PDX,IAD,30
ORD,HNL,30
HNL,ORD,30
HNL,GUM,30
GUM,HNL,30
GUM,SPN,38
SPN,GUM,38
SJU,IAD,4
IAD,SJU,4
EWR,STT,4
STT,EWR,4
OGG,ORD,4
IAD,HNL,6
HNL,IAD,6
ORD,OGG,4
EWR,MYR,27
BZN,EWR,8
EWR,BZN,8
MYR,EWR,27
BTR,AUS,1
ANC,EWR,8
EWR,ANC,8
RNO,EWR,1
ANC,IAH,2
ANC,SFO,3
DFW,EUG,1
IAH,ANC,2
SFO,ANC,2
CLT,CHA,198
LGA,CAK,26
BHM,PHL,61
CLT,DAB,115
DAB,CLT,115
ORF,PHL,166
CHO,CLT,169
CLT,DSM,85
DSM,CLT,85
CLT,AGS,141
CLT,MDT,85
DCA,BHM,86
BHM,DCA,85
GSP,PHL,83
PHL,GSP,83
CLT,HSV,119
HSV,CLT,119
PHL,MSN,49
CLT,CAK,119
CLT,GNV,119
PHL,DAY,135
CLT,SHV,60
SHV,CLT,60
CLT,CID,60
CLT,LIT,137
LIT,CLT,137
MSN,PHL,49
CLT,PHF,114
CLT,MHT,113
MHT,CLT,112
MHT,DCA,86
DCA,TLH,30
CAK,LGA,26
DCA,SAV,64
PHL,GSO,26
BUF,DCA,85
DCA,BUF,85
DCA,ILM,30
ILM,DCA,30
DCA,GSP,56
ROC,CLT,115
TYS,PHL,60
CHA,CLT,197
SAV,DCA,64
VPS,CLT,119
MSN,CLT,60
GSP,CLT,268
CLT,PIT,261
CLT,MSN,60
BGR,CLT,30
CLT,BGR,30
GRR,CLT,88
DCA,LAN,29
LAN,DCA,29
DCA,SYR,57
SYR,DCA,57
JAN,CLT,114
DCA,BGR,92
DCA,MHT,86
BGR,DCA,92
DAY,LGA,82
LGA,DAY,82
CLT,VPS,119
CLT,GRR,89
DCA,HSV,100
HSV,DCA,99
DFW,GEG,30
BDL,DFW,55
DFW,BDL,56
DFW,RDU,168
DFW,SJC,119
ANC,DFW,30
DFW,ANC,30
DCA,PHL,91
CHS,DFW,79
RNO,DFW,89
DFW,CHS,79
TUL,CLT,60
MIA,SAT,30
SEA,MIA,23
PHX,MIA,91
DFW,PSP,50
SJU,DFW,30
BDL,LAX,26
SAT,MIA,30
CLT,MCI,115
OGG,PHX,34
PHX,KOA,22
KOA,PHX,22
JAX,CLT,230
PHL,PBI,78
CLT,PDX,30
BUF,CLT,88
SJU,CLT,26
CLT,TUL,60
MIA,SAN,31
DFW,BUF,30
SDF,LAX,27
DCA,LAS,30
BWI,MIA,30
CLT,STT,6
STT,CLT,6
SAN,MIA,30
MIA,BDL,30
AVL,DTW,4
BTV,DTW,85
DTW,BTV,85
DTW,SAV,30
CLE,BDL,21
SAV,DTW,30
LGA,MHT,25
LAN,MSP,30
DTW,LIT,25
ORF,MSP,25
TYS,MSP,30
ATL,EWN,60
XNA,LGA,76
MSP,ORF,26
LAS,HNL,77
HNL,LAS,77
SMF,HNL,30
HNL,SMF,30
HNL,JFK,30
JFK,HNL,30
LGB,HNL,30
HNL,LGB,30
BOS,HNL,23
HNL,BOS,23
ITO,HNL,421
HNL,ITO,421
HNL,LIH,551
LIH,HNL,551
OGG,ITO,60
ITO,OGG,60
KOA,LIH,30
OGG,KOA,90
KOA,OGG,90
LIH,OGG,91
OGG,LIH,91
LIH,KOA,30
HNL,PPG,9
PPG,HNL,9
EWR,DAY,30
ERI,ORD,31
CLT,SGF,115
SGF,CLT,115
DFW,CMI,60
CLT,FNT,54
FNT,CLT,53
DCA,XNA,26
CLT,PGV,27
PGV,CLT,27
CLT,CAE,140
MQT,ORD,30
LGA,ROA,30
ROA,LGA,30
ALO,ORD,55
DFW,TXK,109
XNA,DCA,26
DFW,GGG,82
GGG,DFW,81
DFW,SUX,28
SUX,DFW,28
DFW,SPI,56
DFW,MSO,30
MSO,DFW,30
ORD,MQT,30
DFW,EYW,30
EYW,DFW,30
LGA,TVC,1
TVC,LGA,2
TXK,DFW,109
SPI,DFW,56
GNV,DFW,59
DFW,HRL,85
HRL,DFW,85
ILM,ORD,3
ORD,ILM,3
ORD,PIA,87
PIA,ORD,87
LIT,DCA,30
ORD,ERI,30
GSO,MIA,60
TOL,CLT,60
DCA,DAY,105
CID,CLT,60
DCA,CAK,30
CHA,DCA,26
DCA,CHA,26
CLT,PIA,60
PIA,CLT,60
PHL,CRW,29
DCA,GRR,54
DCA,SBN,2
GRR,DCA,54
SBN,DCA,2
CLT,DAY,179
GSO,PHL,26
GNV,CLT,119
CLT,MOB,27
MOB,CLT,27
OKC,CLT,87
CLT,CMH,226
PHL,CHA,30
JAN,DCA,30
CHA,PHL,29
GSP,DCA,56
DCA,ROC,56
ROC,DCA,56
CRW,PHL,30
ALB,DCA,82
DCA,ALB,82
CLT,TOL,60
DCA,CRW,30
DCA,JAN,30
CLT,HTS,3
HTS,CLT,3
DCA,MYR,11
MYR,DCA,11
CLT,RAP,11
RAP,CLT,11
DCA,VPS,34
VPS,DCA,34
LEX,CLT,89
CLT,TRI,6
TRI,CLT,6
PHL,PHF,59
TLH,DCA,30
ROC,PHL,3
PHL,OMA,30
ORF,DCA,86
CLT,SBN,60
SBN,CLT,60
CLT,GPT,79
GPT,CLT,79
PHL,CAK,59
MYR,IND,2
ACY,MYR,30
MCO,CAK,24
CAK,MCO,24
MCI,MYR,1
MYR,MCI,1
MYR,IAH,1
OAK,IAH,24
MSP,MYR,10
MYR,MSP,10
RSW,ACY,30
IAH,OAK,24
ACY,RSW,30
MSY,CMH,10
CMH,MSY,10
FLL,IAG,9
MCO,MYR,8
FLL,STX,18
STX,FLL,18
MCO,GSO,14
GSO,MCO,14
IND,MYR,2
MSY,CLE,10
CLE,MSY,10
IAG,FLL,9
FLL,LBE,23
LBE,FLL,23
FLL,GSO,10
GSO,FLL,10
PBG,MYR,1
MYR,PBG,1
MYR,ORD,30
ORD,MYR,30
DTW,OAK,4
OAK,DTW,4
LBE,MCO,30
MCO,LBE,30
DFW,DRO,88
BIS,DFW,56
DFW,BIS,56
AVL,DFW,30
DFW,AVL,30
MAF,PHX,29
DFW,BMI,49
DCA,DSM,55
DSM,DCA,55
AVL,LGA,9
LGA,AVL,9
MIA,MCI,60
MIA,SDF,60
DCA,MVY,5
MVY,DCA,5
DAB,LGA,1
LGA,DAB,1
PHL,SYR,22
DCA,SDF,86
DSM,PHL,30
PHL,SDF,84
SYR,PHL,22
DCA,SRQ,30
SRQ,DCA,30
SDF,DCA,86
BWI,PHL,38
DCA,HHH,1
HHH,DCA,1
SAN,RDU,3
RDU,JAX,3
JAX,RDU,3
RDU,SAN,3
MCO,COS,2
SAN,CLE,1
CLE,SAN,1
SEA,CLE,2
CLE,SEA,2
COS,MCO,2
SAN,CVG,1
CVG,SAN,1
SEA,PSC,3
SJC,EUG,1
PSC,SEA,3
SLC,SGU,19
SGU,SLC,18
DEN,SGU,10
LAX,SGU,5
SGU,LAX,4
SGU,DEN,9
LNK,CMH,1
SEA,SIT,10
SLC,ABQ,1
ABQ,SLC,1
ATY,PIR,1
LAX,SUN,1
SFO,SUN,1
DEN,SUN,1
RAP,LAX,1
SFO,RAP,1
RAP,SFO,1
LAX,RAP,1
SEA,EUG,3
CMH,LNK,1
OAK,BOS,2
BOS,OAK,2
JFK,BQN,30
BQN,JFK,30
BDL,RSW,27
RSW,BDL,27
JFK,SMF,30
SMF,JFK,30
JAC,ATL,1
HNL,DTW,2
DTW,HNL,2
FAI,MSP,2
MSP,FAI,2
TVC,ATL,1
AUS,BTR,1
CAK,DCA,30
CRW,DCA,30
BTV,CLT,59
